Date,Open,High,Low,Close,Volume
2021-04-01,120.22972337194014,120.73529551085936,119.0921730782952,119.58802795410156,75089100
2021-04-05,120.43389773016308,122.66037492357067,119.65608644750468,122.40758514404297,88651200
2021-04-06,122.99094078154718,123.60346216405839,122.16452092387894,122.708984375,80171300
2021-04-07,122.33954801322936,124.37156902257611,121.66868585332091,124.35212707519531,83466700
2021-04-08,125.3729601525352,126.77301732956983,124.95489535313669,126.74385070800781,88844600
2021-04-09,126.19940798905769,129.34952231767917,125.87856026382458,129.31063842773438,106686700
2021-04-12,128.843948878623,129.16479658221076,127.00637736572274,127.59945678710938,91420000
2021-04-13,128.76618458654,130.9246041100814,128.27032223067465,130.7009735107422,91266500
2021-04-14,131.19685094542675,131.2551842091699,128.0078372862974,128.36756896972656,87222800
2021-04-15,130.10791292088626,131.2551732400093,129.93289830876327,130.76904296875,89347100
2021-04-16,130.57460771830137,130.93433940993674,129.5828977054859,130.43849182128906,84922400
2021-04-19,129.80648595127033,131.71212294052938,129.64120345679902,131.09959411621094,94264200
2021-04-20,131.2745927965494,131.77044021985614,128.15363063610712,129.41757202148438,94812300
2021-04-21,128.68840701349623,130.03984858480732,127.65781320400242,129.79678344726562,68847100
2021-04-22,129.349506750087,130.4287163012516,127.76473251290152,128.280029296875,84566500
2021-04-23,128.4939686507075,131.37185181275385,128.4939686507075,130.59405517578125,78657500
2021-04-26,131.08985938377566,131.31347510114207,129.85508463607295,130.98291015625,66905100
2021-04-27,131.26489090705445,131.65380402656527,130.38986235031265,130.66209411621094,66015800
2021-04-28,130.5843034959248,131.27461496858584,129.38842725213598,129.8745574951172,107760100
2021-04-29,132.68440835234537,133.2677706601101,128.775916495569,129.77734375,151101000
2021-04-30,128.1244930393449,129.8551156172827,127.4341963624076,127.8133773803711,109839500
2021-05-03,128.3772578570978,130.35096013574108,128.17309147912826,128.86338806152344,75135100
2021-05-04,127.55085891033158,127.84254003096058,123.18540387178189,124.30350494384766,137564700
2021-05-05,125.61607050473611,126.83139629296987,124.42019408305968,124.54659271240234,84000900
2021-05-06,124.342417464098,126.150822917844,123.60349727215355,126.14110565185547,78128300
2021-05-07,127.43639821291805,127.83569086092047,126.1021285936208,126.81309509277344,78973300
2021-05-10,126.03396084545095,126.16055930554575,123.50178359349738,123.54074096679688,88071200
2021-05-11,120.2781429577982,122.97587617421408,119.5671838636692,122.62527465820312,126142800
2021-05-12,120.18073081693389,121.38837950118456,119.06073063774643,119.5671615600586,112172300
2021-05-13,121.32995276517451,122.85899423262195,121.01830123774441,121.70977783203125,105861300
2021-05-14,122.95637735686638,124.55359227820217,122.56681111085221,124.12506866455078,81918000
2021-05-17,123.51152281141687,123.61865372868071,121.90456648281831,122.97586822509766,74244600
2021-05-18,123.25829164809352,123.67707407576847,121.5247295992301,121.59290313720703,63342900
2021-05-19,119.94698879018051,121.66106832172552,119.65481225870738,121.43707275390625,92612000
2021-05-20,121.96299261493283,124.3880312073582,121.83637931031465,123.98872375488281,76857100
2021-05-21,124.48542483913151,124.66072928690556,121.94351406158702,122.15777587890625,79295400
2021-05-24,122.7226648496732,124.60231548530916,122.65449130041634,123.78422546386719,63092900
2021-05-25,124.4854213164092,124.97238470676444,123.02455343641832,123.58942413330078,72009500
2021-05-26,123.64787188578073,124.06665436080144,123.12195849177618,123.54074096679688,56575900
2021-05-27,123.14142966400581,124.31012103497811,121.816908814046,122.01168823242188,94625600
2021-05-28,122.29412358918856,122.51812660764142,121.30073666690714,121.35916900634766,71311100
2021-06-01,121.8169133247897,122.07986629236983,120.70665425214682,121.03778076171875,67637100
2021-06-02,121.03776661351102,121.97272112169325,120.81377104330335,121.79741668701172,59278900
2021-06-03,121.42735201359653,121.59291527515944,119.91778539724056,120.31709289550781,76229200
2021-06-04,120.83325448650514,122.86873431142617,120.61899267015994,122.60577392578125,75169300
2021-06-07,122.87844668391197,123.02453493601399,121.57340847394346,122.61549377441406,71057600
2021-06-08,123.29725429760116,125.10873859219605,122.91742922255409,123.43360137939453,74403800
2021-06-09,123.89135316418162,124.41726657205889,123.21935146016743,123.81343841552734,56877900
2021-06-10,123.70631691474892,124.84579976710832,122.65449744925097,122.82006072998047,71186400
2021-06-11,123.22906439931397,124.11532774368726,122.81028200929232,124.02767181396484,53522400
2021-06-14,124.48541752266156,127.13445162281361,123.75498360492641,127.07601928710938,96906500
2021-06-15,126.55013404538738,127.19291956440452,126.01447944620644,126.2579574584961,62746300
2021-06-16,126.96889285474992,127.47533121654288,125.10873237290743,126.75463104248047,91815000
2021-06-17,126.41380715783899,129.09206572109522,126.26771141068338,128.3518829345703,96721700
2021-06-18,127.30003468372927,128.0791523377771,126.842294888582,127.05655670166016,108953300
2021-06-21,126.90073257983343,128.95568742961305,125.8391720998025,128.8485565185547,79663300
2021-06-22,128.6830127117991,130.58213836687776,128.18630802151114,130.4847412109375,74783600
2021-06-23,130.28018657486302,130.81584104082094,129.75426587711715,130.21200561523438,60214200
2021-06-24,130.94244245203893,131.12748807728477,129.46209231078763,129.92958068847656,68711000
2021-06-25,129.978280483212,130.3970554405537,129.34522887186355,129.6374053955078,70783700
2021-06-28,129.9296003283306,131.72159479819973,129.87116798746578,131.26385498046875,62111300
2021-06-29,131.28332301060522,132.9292364481491,130.84506564137368,132.77340698242188,64556100
2021-06-30,132.61757943917965,133.82523552499876,132.32540290188453,133.38697814941406,63261400
2021-07-01,133.03635418614581,133.74730561970333,132.21825700237508,133.68887329101562,52485800
2021-07-02,134.30242979267734,136.34765049437885,134.15634896857634,136.30870056152344,78852600
2021-07-06,136.4158617440288,139.41549764354806,136.4158617440288,138.3149871826172,108181800
2021-07-07,139.79534920414747,141.11013660484417,138.9383165822972,140.79849243164062,104911600
2021-07-08,137.88643093809648,140.30172797997776,137.00016765595169,139.5031280517578,105575500
2021-07-09,139.02592340594762,141.8502619651795,138.92852627188464,141.32435607910156,99890800
2021-07-12,142.39565084398657,142.50278173643568,140.24329922685985,140.73025512695312,76299700
2021-07-13,140.2725467114718,143.61307265954179,139.882987848704,141.84054565429688,100827100
2021-07-14,144.23637643322533,145.66802829472786,143.82732030646622,145.25897216796875,127050800
2021-07-15,145.3466125845258,146.08678025462487,143.25269315111336,144.60643005371094,106820300
2021-07-16,144.58698895603396,145.85306272785598,142.07429409288326,142.57098388671875,93251400
2021-07-19,139.99985324997218,140.31151223035158,137.9741144596603,138.7337646484375,121434600
2021-07-20,139.71742366986297,143.26246279631377,139.23046766424767,142.3372344970703,96350000
2021-07-21,141.73342485019364,142.31777804675525,140.85690991607032,141.6068115234375,74993500
2021-07-22,142.13271101540525,144.33374665171397,142.00609770767423,142.97027587890625,77338200
2021-07-23,143.7007109713398,144.84018616778306,143.0871416883638,144.68435668945312,71447400
2021-07-26,144.40190123837715,145.92120121070477,143.84676440041136,145.10311889648438,72434100
2021-07-27,145.22973937162135,145.3174027377309,141.7528815779119,142.94105529785156,104818600
2021-07-28,141.0321906538661,143.13584408542147,138.82140631068384,141.19775390625,118931200
2021-07-29,140.91533220968486,142.72680915691933,140.80820129331602,141.84054565429688,56699500
2021-07-30,140.61339371614585,142.51251879825827,140.35043336301797,142.05477905273438,70440600
2021-08-02,142.5417457565108,143.11635020883497,141.4607029570404,141.72366333007812,62880000
2021-08-03,142.00610422671278,144.17792379335657,141.3925349204239,143.5156707763672,64786600
2021-08-04,143.4280072023747,143.93443068193204,142.46382908813206,143.11634826660156,56368300
2021-08-05,143.14555023960324,143.9831149705437,142.35668407013773,143.2234649658203,46397700
2021-08-06,142.74557545925379,143.48685218422662,142.0433070322341,142.54074096679688,54126800
2021-08-09,142.59923476284288,143.08692025442784,141.9359896381178,142.491943359375,48908700
2021-08-10,142.83337693150492,144.0721026616934,141.72145423409515,142.01406860351562,69023100
2021-08-11,142.45294678468827,143.10644361120174,141.94574966449076,142.2676239013672,48493500
2021-08-12,142.58950812317931,145.37907015513477,142.24812227389452,145.22300720214844,72282600
2021-08-13,145.30103817728678,145.75946379823836,144.6182813640554,145.42784118652344,59375000
2021-08-16,144.88161214330344,147.46635440777192,142.8626017681946,147.3980712890625,103296000
2021-08-17,146.52999034959836,147.9442754116722,145.41806793520456,146.49098205566406,92229700
2021-08-18,146.1106045300614,147.00794422226895,142.55049082276733,142.7553253173828,86326000
2021-08-19,141.45806146213795,144.35491465635323,140.9411159989395,143.08692932128906,86960300
2021-08-20,143.8086939620168,144.8425847784855,143.16494556886403,144.54022216796875,60549600
2021-08-23,144.65731367112883,146.49101645929602,144.24765951519495,146.02284240722656,60131800
2021-08-24,145.7692167650667,147.14449367144724,145.4766024407117,145.93502807617188,48606400
2021-08-25,146.12033978338724,146.6177885615759,144.15984926147306,144.7060546875,58991300
2021-08-26,144.6963131171606,145.44733817166107,143.87699005673284,143.90625,48597200
2021-08-27,143.84774439339665,145.08647001894514,143.2137590490284,144.94017028808594,55802400
2021-08-30,145.3302769581914,149.7096980445359,144.94988286885493,149.3488006591797,90956700
2021-08-31,148.90015120519527,149.03670255975587,147.56388271808643,148.09059143066406,86453100
2021-09-01,149.06598641010868,151.16302859498964,148.58804915099893,148.7538604736328,80313700
2021-09-02,150.08035127222993,150.90942268736845,148.64655451799135,149.8657684326172,71115500
2021-09-03,149.97306236375573,150.82164538297303,149.3195654805312,150.49977111816406,57808700
2021-09-07,151.1532776856572,153.3868712092461,150.58756059759483,152.83091735839844,82278300
2021-09-08,153.11376479693286,153.1722846868866,150.1876512353804,151.28982543945312,74420200
2021-09-09,151.66046161317462,152.26518694823613,150.15838174591684,150.2754364013672,57305700
2021-09-10,151.18254333907822,151.65071737057013,145.03770150418336,145.30105590820312,140893200
2021-09-13,146.92016289482572,147.6906995642944,145.08646034770857,145.86676025390625,102404300
2021-09-14,146.64704249063803,147.34931083330153,143.29176371635268,144.47195434570312,109296300
2021-09-15,144.9011172737186,145.7594485393446,142.76505234502355,145.3595428466797,83281300
2021-09-16,144.78405636656498,145.30100174431934,143.59410269773988,145.12542724609375,68034100
2021-09-17,145.15474141357228,145.15474141357228,142.17009319848557,142.46270751953125,129868800
2021-09-20,140.25836010441694,141.272739448902,137.79067253613061,139.41954040527344,123478900
2021-09-21,140.38516176883357,141.03867353306788,139.2634909051742,139.89747619628906,75834000
2021-09-22,140.89237536058963,142.82360628582634,140.16084691647131,142.25790405273438,76404300
2021-09-23,143.03817057425258,143.457587900221,142.0530510886709,143.2137451171875,64838200
2021-09-24,142.07258175581498,143.83800136075783,141.97503867631073,143.30154418945312,53477900
2021-09-27,141.8872464401241,142.36518367517027,140.2778899497781,141.78970336914062,74150700
2021-09-28,139.7219107001194,141.18496735666514,138.2003341585889,138.4149169921875,108972300
2021-09-29,138.961106448078,140.89233684538155,138.53194083023718,139.31224060058594,74602000
2021-09-30,140.12181985738948,140.82408826037346,137.80043180958225,138.0150146484375,89056700
2021-10-01,138.40515987182454,139.40004260947205,135.68388091891475,139.13668823242188,94639600
2021-10-04,138.26858674850567,138.70751560218017,134.8645515046284,135.71311950683594,98322000
2021-10-05,136.0545015739937,138.73677173382114,135.92769858570284,137.6345977783203,80861100
2021-10-06,136.035013031244,138.64900052233625,134.96209883237336,138.50270080566406,83221100
2021-10-07,139.53659409609236,140.66802820004892,139.20497147758243,139.76092529296875,61732700
2021-10-08,140.48271316225515,140.62901288949595,139.04891630336158,139.3805389404297,58773200
2021-10-11,138.76606124094116,141.2434974770439,138.31738395190774,139.29275512695312,64452200
2021-10-12,139.70238912610083,139.72190071402855,137.56632417893402,138.02474975585938,73035900
2021-10-13,137.76141892529833,137.91746698955632,135.77165355544514,137.43954467773438,78762700
2021-10-14,138.61001888548796,140.3364302891857,138.0247901402729,140.21937561035156,69907100
2021-10-15,140.2291266309253,141.33128600610704,139.97552058470157,141.27276611328125,67940300
2021-10-18,139.91698682828363,143.22349439217342,139.63413574665708,142.94064331054688,85589200
2021-10-19,143.38929207620686,145.4960971069184,142.94062972963636,145.09619140625,76378900
2021-10-20,145.03770255984122,146.0618453536086,144.4719854463032,145.5839080810547,58418800
2021-10-21,145.14498028007083,145.95454013073487,144.2281290062348,145.79847717285156,61421000
2021-10-22,146.0032792710822,146.48120150945985,144.97913680130506,145.0279083251953,58883400
2021-10-25,145.0181647887637,145.69117321411855,143.98427382696465,144.97915649414062,50720600
2021-10-26,145.65218915043056,147.1249943659197,145.34006320959406,145.64244079589844,60893400
2021-10-27,145.68140905786274,146.04229155515878,144.8328410742834,145.18397521972656,56094900
2021-10-28,146.13012235133445,149.39760698679012,146.0325792767904,148.81239318847656,100077900
2021-10-29,143.59415144162946,146.24716233667445,142.8041031388741,146.11061096191406,124953200
2021-11-01,145.32053496464482,146.0130400607468,144.15984105888933,145.29127502441406,74588300
2021-11-02,144.99864449006242,147.8369774382172,144.98888125575905,146.3251495361328,69122000
2021-11-03,146.6860731609645,148.2271614322934,146.13011931995035,147.7589874267578,54511500
2021-11-04,147.84676026074618,148.6758168059769,146.92990900121129,147.24203491210938,60394600
2021-11-05,148.36531545380285,148.6681193629179,146.57777973692555,147.76947021484375,65463900
2021-11-08,147.8964665160418,148.0527572213007,146.67547332752292,146.948974609375,55020900
2021-11-09,146.71454897260128,147.91600218212633,146.57779832196186,147.31039428710938,56787900
2021-11-10,146.53870097244655,146.64614895330263,144.41905889983127,144.4874267578125,65187100
2021-11-11,145.50331597045192,145.96239567531134,144.25300529217714,144.4385986328125,41000000
2021-11-12,144.9856329096499,146.9099196974308,144.0576809080353,146.5094451904297,63804000
2021-11-15,146.88060480284193,148.3555742437889,145.9624154592678,146.51919555664062,59222800
2021-11-16,146.4605718791386,147.97460635745318,145.87448920859703,147.4959716796875,59256200
2021-11-17,147.49599850722544,151.40317727562876,147.48623592599793,149.92822265625,88807000
2021-11-18,150.1431040324191,154.98799688592075,149.4984160214015,154.20655822753906,137827700
2021-11-19,153.99168810581827,157.2834965855034,152.897682743032,156.82440185546875,117305600
2021-11-22,157.92813559947206,161.85485386154411,157.26392246010866,157.28346252441406,117467900
2021-11-23,157.38111945184002,158.04534743857107,155.36892523842945,157.66439819335938,96041900
2021-11-24,157.01972573471906,158.37746957878764,155.93548317544833,158.18211364746094,69463600
2021-11-26,155.8671670363227,156.7267364003775,152.73164889573968,153.17120361328125,76959800
2021-11-29,155.6717241177042,157.44949714116228,155.10518155763626,156.52154541015625,88748200
2021-11-30,156.27736517799391,161.67903783874624,156.20898240534294,161.46414184570312,174048100
2021-12-01,163.59354652559932,166.3481143018466,160.7120055934647,160.94644165039062,152052500
2021-12-02,155.0563862894109,160.38967666927002,154.13819694441963,159.9598846435547,136739200
2021-12-03,160.21386222018816,161.13205157338396,156.01364225594332,158.08444213867188,118023100
2021-12-06,160.47757621707362,163.98428011365826,160.46781363689186,161.4836883544922,107497000
2021-12-07,165.15642772326544,167.59841414884357,164.43359437560147,167.2076873779297,120405400
2021-12-08,168.1356556285786,171.87678065417452,166.73883163036436,171.01719665527344,116998900
2021-12-09,170.85114615502485,172.64844463234323,169.8841141404718,170.50926208496094,108923700
2021-12-10,171.14416754190958,175.46159735855395,170.6362302385688,175.2857666015625,115402700
2021-12-13,176.91704079075095,177.9036129181879,171.45676231906222,171.66189575195312,153237000
2021-12-14,171.18327152968024,173.6154957034132,168.21382219359762,170.2846221923828,139380400
2021-12-15,171.04655499998282,175.33468400137696,168.31152630759928,175.1393280029297,131063300
2021-12-16,175.11976837917365,176.93660728082307,166.78771003091353,168.26266479492188,150185800
2021-12-17,165.98671202152144,169.44457351876034,165.75229083845704,167.16864013671875,195432700
2021-12-20,164.37497819410103,166.6216085377041,163.57401445003114,165.8108673095703,107499100
2021-12-21,167.578929337747,169.18087236492605,165.19554741578878,168.9757537841797,91185900
2021-12-22,169.02456703895956,171.77913555211592,168.15522025592128,171.56423950195312,92135300
2021-12-23,171.76934702247985,172.74614168304623,171.2028043307869,172.18936157226562,68356600
2021-12-27,172.9805656257053,176.2332936859138,172.96104046356876,176.1453857421875,74919600
2021-12-28,175.9793381325386,177.12218615208815,174.38715798933583,175.1295166015625,79144300
2021-12-29,175.16859502828655,176.4384311169709,174.00620695259946,175.21743774414062,62348900
2021-12-30,175.30532209148024,176.3798020768136,173.95734081982604,174.06478881835938,59773000
2021-12-31,173.95733955389892,175.07088475573076,173.14659828081136,173.4494171142578,64062300
2022-01-03,173.70338274431063,178.63619837680892,173.5861721636794,177.786376953125,104487900
2022-01-04,178.39199939810527,178.69480333397306,174.96344087400894,175.5299835205078,99310400
2022-01-05,175.44210103848545,175.9891036993743,170.58743006603996,170.86093139648438,94537600
2022-01-06,168.6924202141222,171.23209207239668,167.65702034880644,168.0086669921875,96904000
2022-01-07,168.8780217142409,170.09901499255682,167.06118311991872,168.1747283935547,86709100
2022-01-10,165.1564429133354,168.4970788622131,164.2675561955421,168.19427490234375,106765600
2022-01-11,168.3212489833143,171.1148671703379,166.85605711502512,171.01719665527344,76138300
2022-01-12,172.03304652412405,173.06844633316717,170.76322556870227,171.4567413330078,74805200
2022-01-13,171.70096415486904,172.52146809219963,167.80354809549323,168.19427490234375,84505800
2022-01-14,167.36402819909668,169.74741004885496,167.11982948341992,169.05389404296875,80440800
2022-01-18,167.53002095796475,168.5361181103695,165.478761430844,165.85971069335938,90956700
2022-01-19,166.05509393247632,167.1100339648471,162.08930995625335,162.37257385253906,94815000
2022-01-20,163.10517370877471,165.74251639966073,160.3701455866801,160.69248962402344,91420500
2022-01-21,160.60457194151562,162.470253269675,158.5337720868401,158.64122009277344,122848900
2022-01-24,156.30669005524535,158.53378075020058,151.11013516388041,157.8695526123047,162294600
2022-01-25,155.2907812885663,158.98306320756222,153.37627246633923,156.0722198486328,115798400
2022-01-26,159.70594544292626,160.57529219502064,154.15775828454986,155.98435974121094,108275300
2022-01-27,158.68029600296296,160.0380400395087,154.6070638933257,155.52525329589844,121954600
2022-01-28,161.86466955096992,166.3969967339565,159.02219316405643,166.37745666503906,179935700
2022-01-31,166.2113952349244,170.93907816240107,165.57646971606974,170.72418212890625,115541600
2022-02-01,169.9720379540269,170.78277933201363,168.31148996868112,170.55812072753906,86213900
2022-02-02,170.69486467196293,171.79864739328102,169.30781806090394,171.7595672607422,84914300
2022-02-03,170.43110878285196,172.15027672857178,168.12587305039293,168.8877716064453,89418100
2022-02-04,167.90974218054592,170.27660988825676,166.93170310002452,168.60415649414062,82465400
2022-02-07,169.06382633955357,170.129885294368,167.19576822143142,167.8901824951172,77251200
2022-02-08,167.9586729996618,171.499185164809,167.66525824555538,170.9906005859375,74829200
2022-02-09,172.18379236064646,172.77060688626915,171.05903840340724,172.4087371826172,71285000
2022-02-10,170.31571564595043,171.62628436106874,167.78259814649985,168.34007263183594,90865900
2022-02-11,168.54547473503922,169.27900403758753,164.34967876719554,164.93650817871094,98670700
2022-02-14,163.69440078491326,165.85587378073802,162.90219149496014,165.17124938964844,86185500
2022-02-15,167.2153531108256,169.1518664311418,166.5111637354937,168.99537658691406,62527400
2022-02-16,168.07601104878276,169.5332796330186,166.31553783336227,168.76063537597656,61177400
2022-02-17,167.274027503072,168.13470669398032,164.77024977354867,165.17124938964844,69589300
2022-02-18,166.0905932914819,166.7947676550334,162.54030687860808,163.6259307861328,82772700
2022-02-22,161.35688974047144,163.02934320107533,158.58903724171788,160.71139526367188,91162800
2022-02-23,161.9045621151873,162.5011664749462,156.24172312968074,156.55470275878906,90009200
2022-02-24,149.22923948055748,159.27370735740539,148.66197489078866,159.16612243652344,141147500
2022-02-25,160.24195287546036,161.4938419663862,157.33717500506495,161.2297821044922,91974200
2022-02-28,159.47904685433394,161.78721963459702,158.86287747049465,161.49380493164062,95056600
2022-03-01,161.08304074169718,162.94132403155473,158.41299811175085,159.61598205566406,83474400
2022-03-02,160.7798480922219,163.6846254319098,159.37146939131958,162.90219116210938,79724800
2022-03-03,164.77025023720336,165.20058983386846,161.91437782369874,162.57943725585938,76678400
2022-03-04,160.87767357199544,161.91439273743828,158.54016047816125,159.58665466308594,83737200
2022-03-07,159.7724878532729,161.39603654297554,155.5473512521712,155.80165100097656,96418800
2022-03-08,155.33218168421902,159.30301816152476,152.37849933499598,153.98248291015625,131148300
2022-03-09,157.93374136581392,159.82136448965088,155.9092082958325,159.3714599609375,91454900
2022-03-10,156.68188663700346,156.86771648439594,152.5545597614365,155.03878784179688,105342000
2022-03-11,155.43974670100266,155.78206635482195,151.1070406596988,151.3319854736328,96970100
2022-03-14,148.1240608517471,150.73542420084024,146.80371664532285,147.31228637695312,108732100
2022-03-15,147.58611061794517,152.15356685525754,147.07754097449947,151.68409729003906,92964300
2022-03-16,153.60103819497576,156.48625045296393,151.06792059745445,156.0852508544922,102300200
2022-03-17,155.12678288189394,157.4642957434988,154.16830873861088,157.09263610839844,75615400
2022-03-18,156.9850782628136,160.8678953686917,156.25154880840884,160.37887573242188,123511700
2022-03-21,159.9191797677464,162.69682236043158,159.4301601813594,161.7481231689453,95811400
2022-03-22,161.8752272476192,165.69936326568208,161.28841281006214,165.112548828125,81532000
2022-03-23,164.30079784879288,168.84867380689857,163.9682532045546,166.4720458984375,98062700
2022-03-24,167.30336151454603,170.31572365157868,166.47203725633872,170.2472686767578,90131400
2022-03-25,170.06143114397722,171.430679815148,168.95624226558783,170.8829803466797,80546200
2022-03-28,168.38900077447545,171.87081780430975,168.22273590773543,171.74368286132812,90371900
2022-03-29,172.8097389298353,175.0787819860724,172.46741925958432,175.02989196777344,100589400
2022-03-30,174.628881866762,175.66560091058673,172.8195035873902,173.8660125732422,92633200
2022-03-31,173.93446796182153,174.120297776475,170.5700111087268,170.77540588378906,103049300
2022-04-01,170.20816010667752,171.0394993928561,168.1640617684755,170.4820098876953,78751300
2022-04-04,170.7362648316736,174.57017568366604,170.609114993958,174.52127075195312,76468400
2022-04-05,173.60194829792937,174.38438259894033,170.58958593943765,171.2155303955078,73401800
2022-04-06,168.57481703992445,169.81693085468368,166.39379406221198,168.05645751953125,89058800
2022-04-07,167.401190693142,169.55287391806212,166.11996174699982,168.3596649169922,77594700
2022-04-08,168.00757925318007,168.00757925318007,165.48423622614246,166.3546905517578,76575500
2022-04-11,165.00498773482366,165.31795249524248,161.8654755697351,162.1099853515625,72246700
2022-04-12,164.33013728303388,166.13950070260202,162.9804385205217,163.97804260253906,79265200
2022-04-13,163.7139749230824,167.28381189911025,163.10759541750994,166.65786743164062,70618900
2022-04-14,166.8730302686766,167.5087646523774,161.41557017548345,161.6600799560547,75329400
2022-04-18,160.32017704396847,162.94132974863555,159.977872292766,161.44493103027344,69023900
2022-04-19,161.39604679422817,164.1345597736567,160.31042259224273,163.72377014160156,67723800
2022-04-20,165.05389393478876,165.17126878968486,162.45232094308298,163.5574951171875,67929800
2022-04-21,165.200581424204,167.7630389892028,162.26646424033356,162.7652587890625,87227800
2022-04-22,162.80440987833427,164.18343379206294,157.95332893712188,158.23695373535156,84882400
2022-04-25,157.5816809008669,159.58666436994497,154.98010780953732,159.30303955078125,96046400
2022-04-26,158.6868628689345,158.7748828167284,153.2783071958642,153.35655212402344,95623200
2022-04-27,152.48606720314393,156.28084845296394,151.96770771639416,153.13157653808594,88063200
2022-04-28,155.75271956865106,160.906989569117,155.43973990755873,160.0463104248047,130216800
2022-04-29,158.2858839707605,162.55013611076737,153.79668696009873,154.18789672851562,131747600
2022-05-02,153.2685246478865,154.7551334388098,149.9040675207667,154.49107360839844,123055300
2022-05-03,154.67686742533908,157.18065989099466,152.88706912402677,155.9776611328125,88966500
2022-05-04,156.16352911233957,162.82397418149506,155.76252942825218,162.37408447265625,108256500
2022-05-05,160.25172879543595,160.47667363266967,151.5471709663278,153.32720947265625,130525300
2022-05-06,152.80807823964273,156.16768941381943,151.01563498071906,154.05201721191406,116124600
2022-05-09,151.7502553954864,152.6317930294346,148.3808694909006,148.9391632080078,131577900
2022-05-10,152.32811702969943,153.52307898712107,149.7912627423493,151.33883666992188,115366700
2022-05-11,150.34957266016625,152.25954795565056,142.81739949520818,143.4932403564453,142689800
2022-05-12,139.83980605277625,143.19940187956024,135.95128476595931,139.6341094970703,182602000
2022-05-13,141.62245981596948,145.0604308345469,140.17283922837782,144.0907440185547,113990900
2022-05-16,142.56276758428663,144.4923369438145,141.22087499257742,142.55296325683594,86643800
2022-05-17,145.80484195458106,146.69616897048812,143.6695758585412,146.1770477294922,78336300
2022-05-18,143.8360642275501,144.33559163369299,137.02869370903522,137.92982482910156,109742900
2022-05-19,137.00910949443605,138.7525756020971,133.79642936713128,134.53103637695312,136095600
2022-05-20,136.23534285932448,137.81230015984903,129.8883411847853,134.76612854003906,137426100
2022-05-23,134.96203055915507,140.31976702681078,134.82490447725766,140.1728515625,117726300
2022-05-24,137.92005516834,139.05625126128453,134.51148183512868,137.4792938232422,104132700
2022-05-25,135.5888849437953,138.87992561613757,135.50073567160547,137.63600158691406,92482700
2022-05-26,134.5702485880299,141.37760590054086,134.32537951243148,140.8291015625,90601500
2022-05-27,142.40601366145458,146.60795908464218,142.27867700009156,146.56878662109375,90978500
2022-05-31,146.01050754614022,147.5678709384086,143.82626511004062,145.78521728515625,103718400
2022-06-01,146.8234773391278,148.62572491730577,144.6490389655957,145.6579132080078,74286600
2022-06-02,144.79597858853165,148.16537934399943,143.84588541228797,148.1066131591797,72348100
2022-06-03,143.8850177275583,144.93306421639832,141.49510885340763,142.39622497558594,88570300
2022-06-06,144.01240411533595,145.52080603843785,141.92611474243267,143.1406707763672,71598400
2022-06-07,141.3873963509184,145.94195473174813,141.14252729935507,145.6579132080078,67808200
2022-06-08,145.5305644824367,146.79408210793065,144.4335560047601,144.9232940673828,53950200
2022-06-09,144.06133943857793,144.91347882072873,139.60472041542363,139.71246337890625,69473000
2022-06-10,137.40092646925825,137.87107088214006,134.24701176433422,134.31558227539062,91437900
2022-06-13,130.14299644685158,132.4251777606438,128.7423526705115,129.17332458496094,122207100
2022-06-14,130.39763353725542,131.1420298533222,128.78148930777198,130.03521728515625,84784300
2022-06-15,131.53383428431485,134.5212392737676,129.44756042743367,132.6504364013672,91533000
2022-06-16,129.3691781238841,129.67281326031437,126.3915630308045,127.39063262939453,108123900
2022-06-17,127.40048374314352,130.34870189215334,127.14581035148301,128.85989379882812,134520300
2022-06-21,130.68172228241795,134.24701531100777,130.58378362269173,133.08143615722656,81000500
2022-06-22,132.02356340545535,134.93260831981635,131.1616346888571,132.57208251953125,73409200
2022-06-23,134.0119372202921,135.74559928638683,132.84635818263115,135.4321746826172,72433800
2022-06-24,137.02872148660157,138.99747831559026,136.90139973704072,138.7526092529297,89116800
2022-06-27,139.77125797752416,140.5450525850796,138.0767682486871,138.7526092529297,70207900
2022-06-28,139.21294709984699,140.47646473111445,134.50166930718802,134.61920166015625,67083400
2022-06-29,134.63881999394516,137.78293057588337,133.86502534038587,136.3724822998047,66242400
2022-06-30,134.43310739232075,135.53011594509118,131.0245344279122,133.9139862060547,98964500
2022-07-01,133.24788300358074,136.18631044212052,132.8756923577171,136.0785675048828,71051600
2022-07-05,134.94240992218974,138.70359409768392,134.1196387404863,138.6546173095703,73353800
2022-07-06,138.44895512148898,141.16209320483665,138.18449238511542,139.98672485351562,74064300
2022-07-07,140.34911940865916,143.54222096010838,140.33933002838788,143.34632873535156,66253700
2022-07-08,142.27870461467543,144.5217134378149,142.02404618814074,144.0221710205078,64547800
2022-07-11,142.68026652507825,143.6303594367227,140.82905749070648,141.8966827392578,63141600
2022-07-12,142.768425199881,145.40321819395862,142.07300556646354,142.8663787841797,77588800
2022-07-13,140.0552923046931,143.44427122627144,139.2031379384123,142.5039825439453,71185600
2022-07-14,141.12292146669557,145.8929653987599,140.30995449187216,145.42282104492188,78140700
2022-07-15,146.70592606919652,147.7637620290884,145.15835206929646,147.08792114257812,76259900
2022-07-18,147.6462819165231,148.45924914402323,143.68918878376647,144.05160522460938,81420900
2022-07-19,144.88412086859606,148.1261847699647,143.89485526545627,147.90090942382812,82982400
2022-07-20,148.01844006316782,150.56508418725386,147.28383290571463,149.89903259277344,64823400
2022-07-21,151.3290755894941,152.37712231601844,148.82161886422966,152.16163635253906,65086600
2022-07-22,152.20076617293066,153.07249916430717,150.26140799071646,150.9274444580078,66675400
2022-07-25,150.84909422530328,151.85795331530994,149.15460492057616,149.81085205078125,53623900
2022-07-26,149.13505995960023,149.94802710334568,147.70503289373295,148.48861694335938,55138700
2022-07-27,149.44849566558014,154.1010080911438,149.03711741300498,153.57208251953125,78620700
2022-07-28,153.75818906606037,154.40464702646852,151.2409426865888,154.12060546875,81378700
2022-07-29,157.93072824104914,160.2716754702952,156.22643448443253,159.17465209960938,101786900
2022-08-01,157.7054219228439,160.23247174092782,157.58788958801776,158.19515991210938,67829400
2022-08-02,156.81413161603723,159.07671904499605,156.35377664743476,156.72596740722656,59907000
2022-08-03,157.53894532472003,163.17093336402678,157.45079605540153,162.7203826904297,82507500
2022-08-04,162.6028441618955,163.7586338892835,161.05526991931026,162.40695190429688,55474100
2022-08-05,160.0823608155598,162.67176904705062,159.87637852795464,162.1813507080078,56697000
2022-08-08,163.18179581085533,164.59420304327227,161.05338198319762,161.71054077148438,60276900
2022-08-09,160.8768354992681,162.6423445061743,160.1215870695177,161.75958251953125,63135500
2022-08-10,164.46669306704544,166.09488560468589,163.70164162721542,165.99681091308594,70170500
2022-08-11,166.80107516257124,167.713261012407,164.9669154508603,165.26116943359375,57149200
2022-08-12,166.5657255890837,168.8706832695546,166.1537609304427,168.80203247070312,68039400
2022-08-15,168.23306819485663,170.0672275245994,168.06632779818693,169.87106323242188,54091700
2022-08-16,169.46896318920653,170.38114909928223,168.3704308785935,169.71417236328125,56377100
2022-08-17,169.45914438952641,172.77436193637106,169.2629800618565,171.2050323486328,79542000
2022-08-18,170.42036968678258,171.54832585930868,169.80243780169835,170.8126983642578,62290100
2022-08-19,169.71418188591318,170.4105825645676,168.02714147630917,168.23312377929688,70346300
2022-08-22,166.43817940694694,166.6049198473659,163.9370428679026,164.3588104248047,69026800
2022-08-23,163.87817957003261,165.4769480040651,163.4564120530002,164.02529907226562,54147100
2022-08-24,164.11361274111158,164.88846719098774,163.06411023124903,164.319580078125,53841500
2022-08-25,165.54560642521002,166.8795448504242,165.12385385508654,166.7716522216797,51218200
2022-08-26,167.30135596498863,167.77215348287845,160.4256797689523,160.48452758789062,78961000
2022-08-29,158.0618418321346,159.77830620497173,156.7573420791942,158.28744506835938,73314000
2022-08-30,159.02307224651202,159.4448248788866,154.69757844618866,155.86477661132812,77906200
2022-08-31,157.23791969354875,157.50274977749038,154.12866933419335,154.20713806152344,87991100
2022-09-01,153.6382716729597,155.38415993328115,151.70602203096658,154.9329833984375,74229900
2022-09-02,156.6886409081276,157.2869518100939,152.0002433352291,152.8241424560547,76957800
2022-09-06,153.4715206737186,154.07963464254792,150.7447958267751,151.56869506835938,73714800
2022-09-07,151.85316012640948,153.6676992214009,150.66634101658914,152.9713134765625,87449600
2022-09-08,151.67655864828822,153.36359865770876,149.75411248649127,151.50001525878906,84923800
2022-09-09,152.49067960307377,154.79565178409123,151.78447599724632,154.35426330566406,68028800
2022-09-12,156.53168728327037,161.11219176205415,156.24725129466944,160.298095703125,104956000
2022-09-13,156.83579030622826,157.46352522744408,150.43092752735453,150.8919219970703,122656600
2022-09-14,151.82368576965968,154.0894308134101,150.66630580332588,152.33372497558594,87965400
2022-09-15,151.6863795720259,152.26508456095567,148.47905455230304,149.4500732421875,90481100
2022-09-16,148.31230899881908,148.44962552428208,145.5267216779744,147.81207275390625,162278800
2022-09-19,146.44871449211215,151.59810678770754,146.2427471814607,151.51963806152344,81474200
2022-09-20,150.46032156880005,155.05064442927653,150.1464616536784,153.89324951171875,107689800
2022-09-21,154.32483969180942,155.69802002410492,150.6565200858437,150.7742156982422,101696800
2022-09-22,149.4599017279835,151.50984684718208,148.0180705759549,149.81300354003906,86652500
2022-09-23,148.29268659863374,148.5673196468233,145.71308157487604,147.5472412109375,96029900
2022-09-26,146.79199294144382,150.82323152103234,146.77237202102398,147.88072204589844,93339400
2022-09-27,149.81300689014782,151.75505941669135,147.07646404392761,148.85177612304688,84442700
2022-09-28,144.81069908771693,147.75320856386915,142.06435391669942,146.96853637695312,146691400
2022-09-29,143.3002421615135,143.9083561021041,137.98409428837317,139.74960327148438,128138200
2022-09-30,138.5726459233104,140.35777639256233,135.3555018590439,135.55166625976562,124925300
2022-10-03,135.5614315097669,140.32829792951577,135.05139229305564,139.7201690673828,114311700
2022-10-04,142.25072959734777,143.41792753527417,141.4954812316815,143.30023193359375,87830100
2022-10-05,141.30917618434017,144.55574385560058,140.26947652199397,143.59451293945312,79471000
2022-10-06,143.0158044200555,144.7126478104947,142.43711432828448,142.64308166503906,68402200
2022-10-07,139.80845770678545,140.3577388347644,136.7776758724346,137.40541076660156,85925600
2022-10-10,137.7290802001953,139.17091126885134,135.91454138275128,137.7290802001953,74899000
2022-10-11,137.21903351996755,138.64125855443186,135.57123522583825,136.31666564941406,77033700
2022-10-12,136.46384967439388,137.67027493258615,135.5124366353625,135.68898010253906,70433700
2022-10-13,132.40316808901153,140.83835578471064,131.79503908177543,140.24986267089844,113224000
2022-10-14,141.54451814883853,141.75050040665323,135.54180333634727,135.72816467285156,88598000
2022-10-17,138.36662131640782,140.1615390587515,137.58194907165392,139.68093872070312,85250900
2022-10-18,142.70191550699425,143.8887193551449,137.91542833833753,140.99525451660156,99136600
2022-10-19,138.974750883936,142.1722730567363,138.78838952105372,141.10316467285156,61758300
2022-10-20,140.2792461483292,143.09424222902763,139.9163264513743,140.64215087890625,64522000
2022-10-21,140.13210997918807,145.01668666487555,139.91632474569775,144.4477996826172,86548600
2022-10-24,144.3693587197694,147.3510957532076,143.2021606323234,146.58604431152344,75981900
2022-10-25,147.2137417287175,149.56775822916157,146.49773529844836,149.42062377929688,74732300
2022-10-26,148.06709300971718,149.07735346461445,145.20303709712394,146.48794555664062,88194300
2022-10-27,145.23250204640354,146.1937178528811,141.36800292889203,142.02516174316406,109180200
2022-10-28,145.35997702745019,154.48176014348397,144.98726930709842,152.7554931640625,164762400
2022-10-31,150.22496108445085,151.2842665764986,149.0087181195706,150.40150451660156,97943200
2022-11-01,152.1081293130579,152.4710340362063,146.27215501250635,147.7630157470703,80379300
2022-11-02,146.0956414814595,149.2539372421044,142.22133903213634,142.25076293945312,93604600
2022-11-03,139.33761952846183,140.06344386766708,136.09105337060134,136.21856689453125,97918500
2022-11-04,139.5982394074154,140.16807005387253,132.02345398469166,135.95330810546875,140814800
2022-11-07,134.70559929239224,136.70981865595215,133.29084915754692,136.48385620117188,83374600
2022-11-08,137.94772594743225,138.94982808586678,135.07893386231837,137.05368041992188,89908500
2022-11-09,136.07123106652006,136.12035725287217,132.2297941583769,132.5048828125,74917800
2022-11-10,138.7631733571785,144.29443359375,137.05368118428237,144.29443359375,118854000
2022-11-11,143.26287971945007,147.3793904835366,141.83829520447486,147.0748291015625,93979700
2022-11-14,146.3576203774582,147.64464544159856,144.84461786588682,145.67971801757812,73374100
2022-11-15,149.55059165160992,150.89656181776536,145.95477172830098,147.4088134765625,89868300
2022-11-16,146.51483522710427,147.2418488642614,144.70709039322372,146.1807861328125,64218300
2022-11-17,143.8621718356149,148.8236171893066,143.5870831617381,148.0769500732422,80389400
2022-11-18,149.63908030699184,150.02224064395415,147.34011828521793,148.636962890625,74829600
2022-11-21,147.5267343973142,147.7330433535175,145.12952086958856,145.4144287109375,58724100
2022-11-22,145.53239334035396,147.78222924583375,144.35342457798163,147.5464324951172,51804100
2022-11-23,146.82919031011303,149.1674586072914,146.72111870836432,148.42079162597656,58301400
2022-11-25,145.70916976960694,146.26918120067512,144.5400357218998,145.51268005371094,35195900
2022-11-28,142.59478278627932,144.06847835661756,140.86565204725017,141.69091796875,69246000
2022-11-29,141.7596944766532,142.27057984792378,137.8887997144492,138.6944122314453,83763800
2022-11-30,138.92037287256267,146.11201495746124,138.0852876520207,145.43411254882812,111380900
2022-12-01,145.61097586517099,146.51484082101652,144.0390276864429,145.70921325683594,71250400
2022-12-02,143.40040769964443,145.4046270438478,143.09583136119605,145.21795654296875,65447400
2022-12-05,145.17867816271277,148.27343309869434,143.21375058654476,144.0586700439453,68826400
2022-12-06,144.49095300364328,144.71691547188212,139.43125562304482,140.40390014648438,64727200
2022-12-07,139.69650913090823,140.85580904494128,137.54491133359693,138.4684295654297,69721100
2022-12-08,139.86352962985669,141.00319109284194,138.62563079391435,140.1484375,62128300
2022-12-09,139.84387422747133,143.0172426533997,138.42912415381502,139.6670379638672,76097000
2022-12-12,140.1975885864345,141.9660265170688,138.58634846990296,141.95620727539062,70462700
2022-12-13,146.87834983755218,147.34010905974955,141.71059523341404,142.9190216064453,93886200
2022-12-14,142.80109523487565,144.0881201971517,138.6845702087708,140.69862365722656,82291200
2022-12-15,138.63548245096763,139.31338494507114,133.64456400681874,134.1063232421875,98931900
2022-12-16,134.29299371012456,135.23615066480997,131.3848939522239,132.15121459960938,160156900
2022-12-19,132.74067737544078,132.82909551472687,129.01714637272462,130.04872131347656,79592600
2022-12-20,129.08588923628005,130.91327209557377,127.61219386559817,129.9799346923828,77432800
2022-12-21,130.64803543949063,134.41087369361549,130.42207295695286,133.07472229003906,85928000
2022-12-22,131.99401195090732,132.20032094511618,128.0150307307424,129.9111785888672,77852100
2022-12-23,128.62415014924704,130.0978457490201,127.3665977700706,129.54766845703125,63814900
2022-12-27,129.07608787315525,129.10556058535423,126.46273078933113,127.749755859375,69007800
2022-12-28,127.39608344761355,128.73223486036684,123.66272537894751,123.82974243164062,85438400
2022-12-29,125.74554877459363,128.1918817150827,125.49011356491995,127.33714294433594,75703700
2022-12-30,126.15818552945343,127.67117324976594,125.19536766637758,127.65151977539062,77034200
2023-01-03,127.99538262842435,128.6045053870652,121.99252821247748,122.87674713134766,112117500
2023-01-04,124.66482384759799,126.40378887161263,122.88656686996354,124.14411926269531,89113600
2023-01-05,124.90062068574457,125.52939692056383,122.57218626779334,122.82762145996094,80962700
2023-01-06,123.80026688503307,128.00520329992693,122.699904718632,127.34695434570312,87754700
2023-01-09,128.1820484933381,131.07049435820306,127.61221771125115,127.8676528930664,70790800
2023-01-10,127.97574077291436,128.95820466182693,125.87326865028986,128.4375,63896200
2023-01-11,128.94835439070522,131.1687168485226,128.17221470136022,131.14907836914062,69458900
2023-01-12,131.5322547782573,131.90558081812333,129.13504077259947,131.07049560546875,71379600
2023-01-13,129.71471296505177,132.55403315564018,129.35120610397337,132.39683532714844,57809700
2023-01-17,132.4655864864573,134.88243886666353,131.77786487384603,133.55612182617188,63646600
2023-01-18,134.4207263168224,136.17933021057922,132.66210743185522,132.83895874023438,69672800
2023-01-19,131.7287538123279,133.86069855178562,131.42419241972087,132.89788818359375,58280400
2023-01-20,132.9076780568954,135.59963378756996,131.8662690124696,135.45225524902344,80223600
2023-01-23,135.6979103035641,140.80673462294286,135.48176704430378,138.63548278808594,81760300
2023-01-24,137.84947751147084,140.64950501564115,137.83965827143598,140.03054809570312,66435100
2023-01-25,138.41932337339787,139.93231102042415,136.37579688239575,139.372314453125,65799300
2023-01-26,140.65934626942868,141.72040901629467,139.41161299424252,141.4355010986328,54105100
2023-01-27,140.64951214628343,144.64813175929368,140.57091324840124,143.3709259033203,70555800
2023-01-30,142.41796049282078,142.99761054282715,140.34496125408572,140.49232482910156,64015300
2023-01-31,140.19756045993424,141.8088002532181,139.78492752410364,141.75967407226562,65874500
2023-02-01,141.44531098955775,144.03901475780756,138.84178798038548,142.87969970703125,77663600
2023-02-02,146.2888426135127,148.52885870656533,145.57164829200897,148.17518615722656,118339000
2023-02-03,145.43407851103754,154.62011872552648,145.23758879873273,151.79061889648438,154357300
2023-02-06,149.8944947732861,150.41519933800663,148.1358763450209,149.0692138671875,69858300
2023-02-07,147.9983592694092,152.5078649107581,147.9983592694092,151.9380340576172,83322600
2023-02-08,151.18154087876943,151.86926257026718,148.51905726950346,149.2559051513672,64120100
2023-02-09,151.08329292122983,151.62365104865805,147.78221371418798,148.2243194580078,56007100
2023-02-10,147.0632318137508,148.9130734935689,146.8270751036462,148.58836364746094,57450700
2023-02-13,148.5293089264892,151.78622618296893,148.499791218323,151.3828125,62199000
2023-02-14,149.68055772689488,151.3041068890254,148.4407688328002,150.7432403564453,61707600
2023-02-15,150.6547103127393,153.0063833860837,150.42840282421838,152.839111328125,65573800
2023-02-16,151.0482818929642,153.82306709582505,150.8908590911332,151.24508666992188,68167900
2023-02-17,149.90689371085574,150.54646418705764,148.43094798353164,150.1036834716797,59144100
2023-02-21,147.79135689260553,148.87372305726493,146.03006833094608,146.09893798828125,58867200
2023-02-22,146.4826819914061,147.54536466728035,144.80011234851025,146.5220489501953,51011300
2023-02-23,147.68314896878456,147.92913996180903,144.87886065676489,147.00421142578125,48394200
2023-02-24,144.75090982195374,144.82962872471046,143.38320079150859,144.35733032226562,55469600
2023-02-27,145.3413038601465,146.7778826433076,145.08546365545737,145.5479278564453,44998500
2023-02-28,144.69189970203135,146.68934528974674,144.47542643511753,145.04612731933594,50547000
2023-03-01,144.4754113339038,144.86899086128216,142.68458995191014,142.9797821044922,55479000
2023-03-02,142.0647267151534,144.3573646302391,141.59241318636302,143.5701904296875,52238100
2023-03-03,145.6660203114201,148.68679692265323,144.96741429678426,148.6080780029297,70732300
2023-03-06,151.32379221822697,153.79355106354063,150.99909736370918,151.3631591796875,87558000
2023-03-07,151.2352451910372,151.55995507278075,148.70646582947896,149.16893005371094,56182000
2023-03-08,150.35949790258118,151.00891757952724,149.39521763366128,150.4185333251953,47204800
2023-03-09,151.09746808583355,152.0617483379844,147.8208670608722,148.1750946044922,53833600
2023-03-10,147.80120650188752,148.5194958597798,145.242894659562,146.11862182617188,68572400
2023-03-13,145.43967499711258,150.68420342446277,145.33143838738883,148.05702209472656,84457100
2023-03-14,148.85403055723415,150.94002884188114,147.6929605728649,150.1430206298828,73695900
2023-03-15,148.7654682431246,150.7924309816341,147.51583019026035,150.53660583496094,77167900
2023-03-16,149.7199103098672,153.95095694332394,149.2082450157043,153.35073852539062,76161100
2023-03-17,153.57707174404283,154.22649145558808,151.80593390078133,152.51438903808594,98944600
2023-03-20,152.58330783129233,155.2892088870571,151.678047720229,154.8759307861328,73641400
2023-03-21,154.7971931327365,156.84382463636302,154.02968755125636,156.7257537841797,73938300
2023-03-22,156.74540844255807,159.53986153376988,155.27929723644732,155.29898071289062,75701800
2023-03-23,156.28296029217628,158.95934282613845,155.15139299961646,156.38134765625,67622100
2023-03-24,156.31245177434306,157.76871363949698,155.31865398361174,157.68016052246094,59196500
2023-03-27,157.37515888196728,158.19185056660328,155.33834678641222,155.7417755126953,52390300
2023-03-28,155.4367781198492,155.94844355059743,153.47868455836303,155.1219024658203,45992200
2023-03-29,156.81432081388166,158.4673879613573,156.79465234617297,158.19187927246094,51305700
2023-03-30,158.9396863414281,159.8646148025582,158.68386113447403,159.75637817382812,49501700
2023-03-31,159.83510289651463,162.35404815041076,159.31360321570477,162.25564575195312,68749800
2023-04-03,161.63575413574327,163.62335040456196,161.58655293789977,163.50527954101562,56976200
2023-04-04,163.92836877990578,164.16451047380076,162.46225736922722,162.9739227294922,46278300
2023-04-05,162.09819114468434,162.4032175003463,159.2053353608918,161.13389587402344,51511700
2023-04-06,159.8252203026454,162.31466233453045,159.40212310856722,162.01947021484375,45390100
2023-04-10,158.8314525568901,159.43167114257812,157.51294452082058,159.43167114257812,47716900
2023-04-11,159.74652133194326,159.7563555644006,157.93601661540757,158.22137451171875,47644200
2023-04-12,158.6346426672523,159.4611686435216,157.21773241416443,157.53260803222656,50133100
2023-04-13,159.0380889195549,163.14121655398105,158.83144989570576,162.90505981445312,68445600
2023-04-14,161.9506163702145,163.6528847449455,161.19297496954,162.56068420410156,49386500
2023-04-17,162.44258319038994,162.7377753387549,161.39958394505072,162.58033752441406,41516200
2023-04-18,163.4363837761115,164.72537387764507,162.99358808032773,163.80044555664062,49923000
2023-04-19,163.14123856145014,165.46339426405493,162.88539830559142,164.94189453125,47720200
2023-04-20,163.4265370188754,165.17799130758831,162.9050374280842,163.97755432128906,52456400
2023-04-21,162.4032359760057,163.78077935638615,161.85221862385353,162.37371826171875,58337300
2023-04-24,162.3540163618739,162.94440060882783,161.26181601487568,162.67872619628906,41949600
2023-04-25,162.54101060503098,163.64304544690907,161.10441660264104,161.14378356933594,48714100
2023-04-26,160.44512426219072,162.62952495549953,160.18929909610858,161.13389587402344,45498800
2023-04-27,162.54097091629146,165.85692388096987,162.54097091629146,165.70933532714844,64902300
2023-04-28,165.7880496631181,167.12624089927414,165.18783120394306,166.95895385742188,55275900
2023-05-01,166.56542643996343,167.71666253016707,165.93569007402044,166.87045288085938,52472900
2023-05-02,167.36238122666072,167.61822139630092,164.85327080237903,165.8372344970703,48425700
2023-05-03,166.78188428598025,168.17911124939818,164.47941231869004,164.76475524902344,65136000
2023-05-04,162.24581661627295,164.36133312270948,161.6751157183002,163.13137817382812,81235400
2023-05-05,168.23812815446027,171.504895212846,168.02165491497223,170.78660583496094,113453200
2023-05-08,169.7140651629481,171.06210572406735,169.35000337616833,170.71771240234375,55962800
2023-05-09,170.27494492179522,170.7570775926942,168.84820036158354,169.01547241210938,45326900
2023-05-10,170.24541483030967,171.23921282792068,169.14336520388548,170.77674865722656,53724500
2023-05-11,171.06211698775132,171.79024060925457,169.40904995436452,170.96371459960938,49514700
2023-05-12,171.07208510437357,171.50563041723674,168.49053896760506,170.03750610351562,45533100
2023-05-15,170.6188460048669,170.66811525184778,168.95364468701064,169.5448455810547,37266700
2023-05-16,169.46601779285794,170.5991352991019,169.27880367524853,169.5448455810547,42110300
2023-05-17,169.19013234108013,170.39221479568312,167.91905489711874,170.15574645996094,57951600
2023-05-18,170.4611756877155,172.6683084617715,170.04734111161662,172.48109436035156,65496700
2023-05-19,173.80143807257875,173.80143807257875,172.3727201425523,172.58949279785156,55809500
2023-05-22,171.42682777563832,172.14612580242743,170.9046067635048,171.6436004638672,43570900
2023-05-23,170.58929510312979,170.83562631420236,168.7664381272472,169.04232788085938,50747300
2023-05-24,168.57922839342694,169.8897122746601,168.0176010356781,169.31822204589844,45143500
2023-05-25,169.87986475065702,171.34798918728478,169.17042964019168,170.45135498046875,56058300
2023-05-26,170.7764937271046,173.1905363695113,170.56956891324683,172.8555145263672,54835000
2023-05-30,174.36308277683443,176.36329091292328,173.978806707213,174.69808959960938,55964400
2023-05-31,174.72767728843633,176.7180379211288,174.16603484344822,174.6488494873047,99625300
2023-06-01,175.0922328882,177.47671735788407,174.33352850038895,177.44715881347656,68901800
2023-06-02,178.37335293714096,179.11234656032465,176.62932377666553,178.29452514648438,61996900
2023-06-05,179.94990047733975,182.23584654381537,175.42724752914353,176.9446563720703,121946500
2023-06-06,177.3288889732544,177.4766816655694,174.82615579439974,176.58004760742188,64848400
2023-06-07,175.82136104700194,178.5507149734009,174.71780207381394,175.21046447753906,61944600
2023-06-08,175.2892595209165,178.1861165677113,174.85572927872582,177.9200897216797,50214900
2023-06-09,178.83646640490514,179.5557493602978,177.97923856717878,178.3043975830078,48900000
2023-06-12,178.60982685528654,181.19137296447727,178.31422641468646,181.09283447265625,54274900
2023-06-13,180.11737806569877,181.4475575367352,179.76266053311636,180.61988830566406,54929100
2023-06-14,180.67902853230473,181.68406417583662,179.3488488908818,181.25051879882812,57462900
2023-06-15,181.26038457492544,183.7828140435399,181.08301826564116,183.28028869628906,65433200
2023-06-16,183.98970387223915,184.245897953939,181.56581317602513,182.20626831054688,101256200
2023-06-20,181.70373606119196,183.3689372512462,181.70373606119196,182.294921875,49799100
2023-06-21,182.1865534203878,182.68907870149724,179.91045548906328,181.26036071777344,49515700
2023-06-22,181.04359886716716,184.30502181445038,180.9746189088309,184.25575256347656,51245300
2023-06-23,182.8270532004463,184.8075509993679,182.29496929127177,183.94046020507812,53117000
2023-06-26,184.0882365039062,185.29033397781694,182.51171079012911,182.55113220214844,48088700
2023-06-27,183.1620330683905,185.6253451571229,182.94526040179295,185.30018615722656,50730800
2023-06-28,185.17209649255778,187.11318769857849,184.84695251457532,186.4727325439453,51216800
2023-06-29,186.3052137668684,187.2806907250245,186.16726889716722,186.80772399902344,46347300
2023-06-30,188.8178174385461,191.6259844129726,188.4532369978983,191.12347412109375,85213200
2023-07-03,190.9362564156046,191.03479491877454,188.94589592351636,189.63563537597656,31458200
2023-07-05,188.7587001877792,190.14799688410469,187.82262949557398,188.522216796875,46920300
2023-07-06,187.05405664400223,189.20207252866174,186.42344937265386,188.99514770507812,45094300
2023-07-07,188.6010117511895,189.8425155087971,187.44818361165477,187.8817138671875,46815000
2023-07-10,186.48255712554894,187.2018550195119,184.2951349736181,185.84210205078125,59922200
2023-07-11,186.38402246734722,186.52196732292174,183.86159365977753,185.3198699951172,46638100
2023-07-12,186.8964167558296,188.88677723101014,185.70418206587038,186.985107421875,60750200
2023-07-13,187.70439854991048,188.38427515496102,186.994963399846,187.74380493164062,41342300
2023-07-14,187.4383302857117,188.37438582770977,186.8471444335954,187.89158630371094,41616200
2023-07-17,189.08381775872684,191.46831693797242,188.9951421376018,191.14315795898438,50520200
2023-07-18,190.5125649317522,191.47817907078496,189.5962050071137,190.88697814941406,48288200
2023-07-19,190.26622781119138,195.32093388898534,189.82281961650222,192.23687744140625,80507300
2023-07-20,192.22700448393437,193.58675746858663,189.6750169550875,190.2957763671875,59581200
2023-07-21,191.25153499324207,192.10876269219432,188.42364281090323,189.12322998046875,71951700
2023-07-24,190.57168949200457,192.04967681854123,189.42870901778204,189.92137145996094,45377800
2023-07-25,190.49284214012596,191.58655325087184,190.08885537064708,190.77857971191406,37283200
2023-07-26,190.82785426220883,192.7689453418544,190.48299959942145,191.6456756591797,47471900
2023-07-27,193.1433729163405,194.30604897209747,189.72429463258098,190.38446044921875,47460200
2023-07-28,191.8131659299023,193.7444090416655,191.29094501886246,192.95614624023438,48291400
2023-07-31,193.18277106210203,193.6064685292723,192.394508242959,193.56704711914062,38824100
2023-08-01,193.36018522615927,193.8429848583732,192.4142666019459,192.7394256591797,35175100
2023-08-02,192.17776662675897,192.31571151477112,189.03459274742033,189.75387573242188,50389300
2023-08-03,188.75868668614032,189.54693452970886,187.8915960163783,188.3645477294922,61235200
2023-08-04,182.79747042079737,184.6301752435833,179.25029494609427,179.31927490234375,115956800
2023-08-07,179.4572213905704,180.44254624962392,174.74736976708382,176.22535705566406,97576100
2023-08-08,177.05300588853657,177.62449604499406,174.97397007455905,177.16139221191406,67823000
2023-08-09,178.2156906972674,178.27480777933516,174.41233639065635,175.5750274658203,60378500
2023-08-10,176.8460961883882,178.09746293161143,174.99369573264087,175.35826110839844,54686900
2023-08-11,174.95375100085724,176.23639103718068,174.19402209160106,175.41746520996094,52036700
2023-08-14,175.59504844195268,177.2920967961584,174.9438523177461,177.06517028808594,43675600
2023-08-15,176.49287966212987,177.08486372444068,174.68729891451414,175.0819549560547,43622600
2023-08-16,174.7662850202376,176.15745776554937,174.14468726786023,174.21376037597656,46964900
2023-08-17,174.77610583538885,175.14116345073805,171.16494410110627,171.67800903320312,66062900
2023-08-18,170.0007213782545,172.76335939467492,169.6652621694116,172.1614990234375,61172200
2023-08-21,172.7337706675176,173.77962299820936,171.42151715942626,173.4934844970703,46311900
2023-08-22,174.69718434668556,175.30890581271296,173.89799596554266,174.8649139404297,42038900
2023-08-23,176.13773826499084,179.1273031269572,175.95027131734813,178.70303344726562,52722800
2023-08-24,178.25900483655056,178.6832744289853,173.66118769058747,174.02626037597656,54945800
2023-08-25,175.0129196769248,176.75928869570708,173.47373983758078,176.22650146484375,51449600
2023-08-28,177.68677460091166,178.1801023209798,176.1673318473753,177.7854461669922,43820700
2023-08-29,177.30196426395187,182.4325690983829,177.1046362040057,181.66297912597656,53003900
2023-08-30,182.47203136515444,185.34320186637345,182.27470331859433,185.14585876464844,60813900
2023-08-31,185.33334709899387,186.59626480914432,184.97815055206615,185.36294555664062,60794500
2023-09-01,186.96131537308187,187.3855699191495,185.76745585396847,186.9317169189453,45766500
2023-09-05,185.76746926717502,187.44478036173828,185.10641198511868,187.16851806640625,45280000
2023-09-06,185.88584392275033,186.3298508313997,179.048330235654,180.4691162109375,81755800
2023-09-07,172.84232185634463,175.83190219369152,171.2242072644891,175.19056701660156,112488800
2023-09-08,175.96997548136457,177.83475336123297,175.4174358773743,175.80223083496094,65551300
2023-09-11,177.6670082534011,177.89393473288615,174.9734287303741,176.9664764404297,58953100
2023-09-12,177.09477490699047,177.72623373133553,172.487096210491,173.9473419189453,90370200
2023-09-13,174.15451849429098,174.93398459835862,171.6582818339781,171.88522338867188,84267900
2023-09-14,171.67803539320033,173.75001770449512,171.26364194197464,173.3948211669922,60895800
2023-09-15,174.12494522635322,174.14468255030425,171.5004532372104,172.674560546875,109259500
2023-09-18,174.12495542511192,176.98626535892447,173.81909463420754,175.59507751464844,67257600
2023-09-19,175.1510856525732,177.23292932503867,174.76629061620125,176.68040466308594,51826900
2023-09-20,176.86782730089922,177.30195805066697,173.0593371622532,173.1481475830078,58436200
2023-09-21,172.2206842726111,173.94733103404198,171.5398897121348,171.60894775390625,63149100
2023-09-22,172.33909518451154,174.7169382879251,171.7273736602944,172.45748901367188,56725400
2023-09-25,171.87535356826675,174.6083930174941,171.82601779128095,173.7302703857422,46172700
2023-09-26,172.4871029695211,172.8620217812148,169.3692683155077,169.66526794433594,64588900
2023-09-27,170.3164478696235,170.73084132501634,166.7940959712009,168.15567016601562,66921800
2023-09-28,167.08024048447163,169.7343462157436,165.38319180250966,168.4122314453125,56294400
2023-09-29,169.7244661753788,170.76045735672912,168.06687727418498,168.92527770996094,51861100
2023-10-02,168.9351141150612,171.97401410977108,168.64897565996583,171.4313507080078,52164500
2023-10-03,169.96123409658216,171.31296207551728,168.54046313149794,170.099365234375,49594600
2023-10-04,168.80683348131024,171.88520792324596,168.68843967571547,171.34254455566406,53020300
2023-10-05,171.47081778563683,173.10866919518492,170.3756298015613,172.5758819580078,48527900
2023-10-06,171.48072926712837,175.61481822954005,170.8689926183437,175.12149047851562,57266700
2023-10-09,174.45055415802327,176.66066786762835,173.45403753652568,176.60147094726562,42390800
2023-10-10,175.72333700059065,177.32171396949087,175.57532965392068,176.00946044921875,43698000
2023-10-11,175.82198018511957,177.4499705441094,175.22999600880442,177.400634765625,47551100
2023-10-12,177.667018413921,179.9067149957359,176.6507496538397,178.29847717285156,56743100
2023-10-13,178.9990143278533,179.50220314362676,175.7627859383901,176.46331787109375,51427100
2023-10-16,174.3913552582801,176.6902643223361,174.15455252434904,176.33506774902344,52517000
2023-10-17,174.29266779074965,176.03905203817294,172.467364361049,174.78599548339844,57549400
2023-10-18,173.23695950912395,175.21027033840411,172.77323025982977,173.4934844970703,54764400
2023-10-19,173.69080766680926,175.46679037407037,172.85215962113486,173.11856079101562,59302900
2023-10-20,172.970532603774,173.07906528544774,170.33616484514565,170.57296752929688,64244000
2023-10-23,168.62926966195786,171.68789221712717,167.66233657820504,170.69137573242188,55980100
2023-10-24,170.74070856198063,171.35243005141567,169.1620540054936,171.12550354003906,43816600
2023-10-25,169.5863625938841,170.75060892905034,168.3727654144791,168.8167724609375,57157000
2023-10-26,168.0964746462511,169.0930062294273,163.459197305812,164.6629180908203,70625300
2023-10-27,164.68264263448572,166.70528904611524,164.60370840247674,165.97515869140625,58499100
2023-10-30,166.76450604315932,168.88580920893756,166.61649869462795,168.01754760742188,51131000
2023-10-31,167.09008588386948,168.61938959873203,165.6594236135805,168.4911346435547,44846000
2023-11-01,168.71803982318505,171.9049319155105,167.84977842632566,171.64840698242188,56934900
2023-11-02,173.17774724497193,175.40758286457637,173.11855033416663,175.2003936767578,77334800
2023-11-03,171.91485064572058,174.46042350768224,171.0367278993792,174.2926788330078,79829200
2023-11-06,174.02629776104038,177.035584920202,173.85856813665714,176.8382568359375,63841300
2023-11-07,176.7889073081916,180.00541354681909,176.58171810512866,179.39369201660156,70530000
2023-11-08,179.91659936077735,181.00191115396063,179.1667317000403,180.4493865966797,49340300
2023-11-09,180.51844768984608,181.6629563158929,179.38378514108624,179.9757843017578,53763500
2023-11-10,181.75412225306079,184.32281184408907,181.3194195461175,184.15484619140625,66133400
2023-11-13,183.58187642607092,183.7893386144101,181.9912676571252,182.57415771484375,43627500
2023-11-14,185.43920547847273,185.8442707665973,184.05607409829287,185.18234252929688,60108400
2023-11-15,185.5874067506803,187.21752694473682,185.51824264456812,185.74546813964844,53790500
2023-11-16,187.2866746678448,188.6599317940755,186.37774261703024,187.42498779296875,54412900
2023-11-17,187.95848017105547,188.08691917335904,186.29872264128753,187.4052276611328,50922700
2023-11-20,187.60281994734135,189.598493753426,187.59294582194016,189.14402770996094,46505100
2023-11-21,189.10449492939836,189.21317059662826,187.4546116723618,188.34376525878906,38134500
2023-11-22,189.18356183514956,190.60620477415247,188.53150773289747,189.00572204589844,39617700
2023-11-24,188.57099258448812,188.6006300326625,186.97051008307392,187.6818389892578,24048300
2023-11-27,187.63243679384846,188.3734031425855,186.6247183385664,187.50399780273438,40552600
2023-11-28,187.49414676130317,188.77849160556613,187.11871894105684,188.10667419433594,38415400
2023-11-29,188.6006511365786,189.77632029571453,186.69390474066958,187.08908081054688,43014200
2023-11-30,187.55340318726755,188.02763251612237,185.92328320995222,187.66207885742188,48794400
2023-12-01,188.0375263099119,189.25270705783993,186.95076949469112,188.9365692138672,45704800
2023-12-04,187.69173962433385,187.76090372984268,185.1922139752508,187.1483612060547,43389500
2023-12-05,187.91897362196437,192.05849343193452,187.8893210956394,191.09030151367188,66628400
2023-12-06,192.10787423934497,192.41413792119363,189.79606282635905,190.0035400390625,41089700
2023-12-07,191.29780863526577,192.65130270720775,191.25828197732412,191.9300994873047,47477700
2023-12-08,191.86091528323507,193.629363703371,191.33730018286,193.3527374267578,53406400
2023-12-11,190.78407666583118,191.1595045590876,189.11442955109024,190.8532257080078,60943700
2023-12-12,190.75438957156285,192.3746354774224,189.41076991243543,192.36476135253906,52696900
2023-12-13,192.74021089300243,195.61516465825315,192.5031112505093,195.57565307617188,70404200
2023-12-14,195.6349188149913,197.21563829918102,193.79732129680679,195.7238311767578,66831600
2023-12-15,195.1507962246044,196.01031245444227,194.62718115642724,195.19032287597656,128538400
2023-12-18,193.72812085100188,194.2616250715381,192.04860011875655,193.53053283691406,55751900
2023-12-19,193.79731295132126,194.5777909959987,193.53056080250687,194.5679168701172,40714100
2023-12-20,194.5283970820936,195.2990010280865,192.48333740234375,192.48333740234375,52242800
2023-12-21,193.73803856316968,194.70623052718972,191.16934877699248,192.3351287841797,46482500
2023-12-22,192.8291141147171,193.05635469466722,190.64574127695036,191.26815795898438,37149600
2023-12-26,191.2779991818499,191.55462542072405,190.50739536284337,190.72474670410156,28919300
2023-12-27,190.17149315937536,191.16932243864449,188.78834689776542,190.8235321044922,48087700
2023-12-28,191.80160450052028,192.31534537884878,190.84328683757997,191.24835205078125,34049900
2023-12-29,191.56453833112627,192.05851601127358,189.42067700828724,190.21104431152344,42672100
2024-01-02,184.89581391743906,186.17028459685415,181.6750853181039,183.4040069580078,82488700
2024-01-03,182.0011090098209,183.64111826756874,181.22061595613366,182.03074645996094,58414500
2024-01-04,179.956063262062,180.88474371487789,178.70137080560033,179.71896362304688,71983600
2024-01-05,179.79799818956093,180.5587129492039,177.99991223040004,178.99774169921875,62379700
2024-01-08,179.89676064456035,183.36449308108033,179.3138706884217,183.32496643066406,59144500
2024-01-09,181.7047275700206,182.9199083051763,180.52905841182087,182.9100341796875,42841800
2024-01-10,182.129538572139,184.15483457675245,181.70471001714742,183.94737243652344,46792900
2024-01-11,184.293153408918,184.7970202008086,181.40832608034748,183.35459899902344,49128400
2024-01-12,183.81894667336306,184.49076406507768,182.95943045197853,183.68063354492188,40477800
2024-01-16,179.96594785640553,182.04064501968628,178.75075193755313,181.41824340820312,65603000
2024-01-17,179.08665457169852,180.72664884969066,178.12833676151584,180.4796600341797,47317400
2024-01-18,183.84860201119264,186.86186875433015,183.59173905481111,186.35801696777344,78005800
2024-01-19,187.0495648712278,189.63800274105876,186.5457131326349,189.25270080566406,68903000
2024-01-22,189.9838116367789,192.97731505960866,189.94428498185601,191.55465698242188,60133900
2024-01-23,192.67104017695664,193.39224330006388,191.49537099853464,192.8291015625,42355600
2024-01-24,193.06620457832125,194.0146482092326,191.999211146671,192.15728759765625,53631300
2024-01-25,192.86863967517039,193.90599578100486,190.78405333725613,191.83128356933594,54822100
2024-01-26,191.93006387634745,192.41415228379137,189.6281264159501,190.1023406982422,44594000
2024-01-29,189.6972652775173,189.8849791703456,187.2965414692382,189.42063903808594,47145600
2024-01-30,188.6401800108733,189.4898221386195,185.21197404804863,185.7751007080078,55859400
2024-01-31,184.7871100896247,184.84640005696093,182.12952360814134,182.1789093017578,55467800
2024-02-01,181.77387226838383,184.69821105096443,181.60592170299904,184.6092987060547,64885400
2024-02-02,177.6936236133024,185.07365019396582,177.09097033579843,183.61148071289062,102551700
2024-02-05,185.88375846902116,186.97051518171523,183.60158444736317,185.41941833496094,69668800
2024-02-06,184.60931480628852,187.02980210381148,184.5204024536245,187.01992797851562,43490800
2024-02-07,188.3437817688575,188.74884702540382,186.33823388644547,187.12860107421875,53439000
2024-02-08,187.1088621926835,187.25704946443747,185.0934399218184,186.0517578125,40962000
2024-02-09,186.61559077121817,187.9411516715375,185.97260641439556,186.81344604492188,45155200
2024-02-12,186.3880527684402,186.63535673641036,184.77562606711913,185.13174438476562,41781900
2024-02-13,183.76666370675508,184.20192116931864,181.5310258479947,183.04452514648438,56529500
2024-02-14,183.32148884677065,183.52921572281525,180.4725423642709,182.16409301757812,54630500
2024-02-15,181.57055805003552,182.5004232912058,179.39428636951658,181.87721252441406,65434500
2024-02-16,181.44197861733377,182.8565652037317,179.7108507918506,180.3439483642578,49752500
2024-02-20,179.82956623009554,180.46266385305907,178.0588762686663,179.60205078125,53665600
2024-02-21,179.9779444437335,180.91769653606136,178.71174929095213,180.35385131835938,41371400
2024-02-22,181.50134277124772,182.96539328132977,180.49235334512917,182.38174438476562,52292200
2024-02-23,183.01481932952075,183.04449459753943,180.26480046872615,180.5516815185547,45119700
2024-02-26,180.27471486922383,180.78909628027105,178.7018500832812,179.20635986328125,40867400
2024-02-27,179.1470231922399,181.93660445629962,177.6236221032545,180.6605224609375,54318900
2024-02-28,180.5417731107642,181.14519536218177,178.18744973320082,179.46353149414062,48953900
2024-02-29,179.31514716008485,180.6011306821249,177.59390628342499,178.80075073242188,136682600
2024-03-01,177.61370457626955,178.5831318593588,175.46710804516843,177.72251892089844,73563100
2024-03-04,174.25038035125658,174.99229230011673,171.9158301484072,173.2117156982422,81510100
2024-03-05,168.91849794898403,170.1846930657021,167.7907924514621,168.285400390625,95132400
2024-03-06,169.21526961759642,169.39333632878757,166.86093094295472,167.2961883544922,68587700
2024-03-07,167.32586658446218,168.88882954707424,166.67299554984157,167.177490234375,71765100
2024-03-08,167.1774852017091,171.82679686006907,167.11813466346086,168.88882446289062,76267000
2024-03-11,171.07499261235472,172.49946586057737,170.1945911039721,170.8870391845703,60139500
2024-03-12,171.28273835287425,172.1532532324886,169.16581679091567,171.36187744140625,59825400
2024-03-13,170.90684419661972,171.3223130850131,168.91851047344855,169.28453063964844,52488700
2024-03-14,171.04532782778392,172.43022407386235,170.19460153541087,171.1343536376953,72913500
2024-03-15,169.32407812222547,170.75843811035156,168.4535633292171,170.75843811035156,121752700
2024-03-18,173.67664359575858,175.79356502758816,171.64874797271588,171.84658813476562,75604200
2024-03-19,172.45988088096897,174.70540499850514,171.1640105835326,174.18112182617188,55215200
2024-03-20,173.82499582678088,176.74317932128906,173.2017850632652,176.74317932128906,53423100
2024-03-21,175.1406653733646,175.57592275278003,168.9976284397713,169.52191162109375,106181300
2024-03-22,169.90770741812418,171.18380430580046,168.22604350725265,170.42210388183594,71160100
2024-03-25,168.73058907262046,170.08581023240077,167.62265683136332,169.007568359375,54288300
2024-03-26,168.16671829054096,169.57140318495337,167.75124938607289,167.87985229492188,57388400
2024-03-27,168.57230438056465,171.7279058767874,168.27553655784754,171.44102478027344,60273300
2024-03-28,169.89781453968297,170.37263389978352,168.67118150733492,169.63072204589844,65672700
2024-04-01,169.3438900607447,169.40324060587884,167.6523240532299,168.19639587402344,46240500
2024-04-02,167.2566433485096,167.51383407497934,166.4158037095213,167.01922607421875,49329500
2024-04-03,166.9697540235435,168.83937157047524,166.7620271262386,167.8204803466797,47691700
2024-04-04,168.4535689105981,170.06599565718972,166.9994354248047,166.9994354248047,53704400
2024-04-05,167.7611226870966,168.5524984345705,167.12802510796487,167.75123596191406,42104800
2024-04-08,167.20713928809243,167.37530415657045,166.4256654764317,166.63339233398438,37425500
2024-04-09,166.88071513080217,168.2458378687617,166.53449863101693,167.8402557373047,42373800
2024-04-10,166.97966188332379,167.26652787853376,165.30788444762385,165.9706573486328,49709300
2024-04-11,166.52457091788756,173.56779711833587,166.34651933326788,173.15231323242188,91070300
2024-04-12,172.3807444342083,176.43653535919364,172.33129571828837,174.64605712890625,101670900
2024-04-15,173.46888692512982,174.72519524382946,170.6397290741028,170.8276824951172,73531800
2024-04-16,169.8977963626464,171.8861144844074,166.45532995530834,167.55335998535156,73711200
2024-04-17,167.780901063059,168.80967890645843,166.18826293945312,166.18826293945312,50901200
2024-04-18,166.21794611620325,166.8213684176903,164.75391081370103,165.23861694335938,43122900
2024-04-19,164.41758473594675,164.60552308162337,162.31054999578998,163.2206268310547,68149400
2024-04-22,163.73503344203667,165.4562595890904,162.993121456103,164.05157470703125,48116400
2024-04-23,163.5668404824781,165.24850434331734,163.1414698344962,165.10011291503906,49537800
2024-04-24,164.7439994721628,167.4742448528629,164.41757152765254,167.197265625,48251800
2024-04-25,167.70177351115603,168.77012851479734,166.33665071301928,168.05789184570312,50558300
2024-04-26,168.04800546826704,169.49225225997063,167.35554224826544,167.47425842285156,44838400
2024-04-29,171.5003643815301,174.13168243053624,171.2332869429431,171.62896728515625,68169400
2024-04-30,171.46079655206535,173.10289859543835,168.1667057400835,168.49314880371094,65934800
2024-05-01,167.75123767315736,170.84748833564953,167.28630498280754,167.47425842285156,50383100
2024-05-02,170.64963546996492,171.54982559320527,169.04711048582428,171.16403198242188,94214900
2024-05-03,184.637145231003,184.98337684032407,180.69018337477516,181.4024200439453,163224100
2024-05-06,180.383540128798,182.2135806366563,178.47434543693257,179.7504425048828,78569700
2024-05-07,181.47164781905605,182.9060078076493,179.36462828599997,180.43296813964844,77305800
2024-05-08,180.87814724687024,181.09577596912635,179.49323582394607,180.7693328857422,45057100
2024-05-09,180.59124108896245,182.6686003878229,180.14609698041687,182.57957458496094,48983000
2024-05-10,183.15410154420678,183.34230991411323,180.4102677646858,181.3215789794922,50759500
2024-05-13,183.68899242379732,185.33332156582821,182.87672798687535,184.52105712890625,72044800
2024-05-14,185.73944844741243,186.52199740854093,184.53096697721375,185.6602020263672,52393600
2024-05-15,186.13566691836786,188.84978484549154,185.6007573941714,187.92857360839844,70400000
2024-05-16,188.67151097089564,189.29556710780693,187.86916171755817,188.04745483398438,52845200
2024-05-17,187.72057759120682,189.00830557822601,187.39369174809892,188.07717895507812,41282900
2024-05-20,187.54226949481966,190.10781001398533,187.22528381236822,189.23611450195312,44361300
2024-05-21,189.28565540299905,190.91016932460286,189.11726241831752,190.5337677001953,42309400
2024-05-22,190.45450146899057,190.999311136132,188.47338639917342,189.09742736816406,34648500
2024-05-23,189.1766947549615,189.19651013997458,184.86777806929078,185.11541748046875,51005900
2024-05-24,187.03710655742805,188.78048261582597,186.26445766907554,188.18614196777344,36327000
2024-05-28,189.70168159973719,191.1776178733189,187.31444925751387,188.196044921875,52280100
2024-05-29,187.81963788738682,190.43470949642946,187.72057607583483,188.4932098388672,53068000
2024-05-30,188.9587703074631,190.36536034504638,188.83000809203267,189.4837646484375,49889100
2024-05-31,189.6323735603605,190.7517086279001,188.11682144814546,190.43472290039062,75158300
2024-06-03,191.07855630297723,193.14883318833753,190.7021546904014,192.19789123535156,50080500
2024-06-04,192.80214765697744,193.47573474401025,191.20734917579057,192.514892578125,47471400
2024-06-05,193.5549597642067,195.04079624688396,193.02996541617088,194.02052307128906,54156800
2024-06-06,193.8422276391208,194.64457691185422,192.33657578915964,192.64364624023438,41181800
2024-06-07,192.8120444256859,195.08042995429523,192.3068654552658,195.03089904785156,53103900
2024-06-10,195.04081589339742,195.43704806418344,190.33566655763516,191.2965087890625,97010200
2024-06-11,191.82148694435384,205.2039307530545,191.80168667352532,205.1940155029297,172373300
2024-06-12,205.4119153142898,218.12077055688877,204.94635205432962,211.05810546875,198134300
2024-06-13,212.71233505249734,214.7033502990969,209.60198493072278,212.21705627441406,97862700
2024-06-14,211.83075578674166,213.13828400218216,209.3048308005582,210.4835968017578,70122700
2024-06-17,211.35527186274084,216.88258512602053,210.71141546378874,214.62411499023438,93728300
2024-06-18,215.5354294813442,216.5656178731208,210.98877362098574,212.26658630371094,79943300
2024-06-20,211.90997342693947,212.21705896960654,206.87795427864972,207.70010375976562,86172500
2024-06-21,208.40340309586463,209.88923942625428,205.15437552925596,205.53079223632812,241805100
2024-06-24,205.75863496180304,210.69160779538842,204.63929998769706,206.17466735839844,80727000
2024-06-25,207.1751328027417,209.3840873125504,206.64023830581658,207.0959014892578,55549700
2024-06-26,209.5029437835443,212.83121810497767,208.6510635966682,211.23641967773438,66213200
2024-06-27,212.6627944445565,213.70288285399732,210.34489349645966,212.078369140625,49772700
2024-06-28,213.73263728250333,214.02980761283354,208.3142855019514,208.63125610351562,82542700
2024-07-01,210.08738182701015,215.45620282037203,209.91898882948186,214.70338439941406,60402900
2024-07-02,214.1090169642201,218.29908645117231,213.0689435868198,218.19012451171875,58046200
2024-07-03,217.92268618597842,219.4580535888672,216.9618440422543,219.4580535888672,37369800
2024-07-05,219.55708698216947,224.3117665065084,219.55708698216947,224.2028045654297,60412400
2024-07-08,224.94572057418634,225.69855401964364,221.14198303770854,225.66883850097656,59085900
2024-07-09,225.77780318070188,227.23392416937492,224.23253562897796,226.52072143554688,48076100
2024-07-10,227.13486087511765,230.8791673967792,227.0853299721382,230.7801055908203,62627700
2024-07-11,229.2051413563895,230.19569903805672,223.63821202212716,225.4212188720703,64710600
2024-07-12,226.7584454352943,230.44332094014862,226.5207061684713,228.36314392089844,53046500
2024-07-15,234.2470836578572,234.99000194235262,230.88909361652622,232.1867218017578,62631300
2024-07-16,232.78106107648213,234.03907359612094,230.13627381333595,232.60276794433594,43234300
2024-07-17,227.28343626123907,229.27446669281912,224.49997184852458,226.7188262939453,57345900
2024-07-18,228.10565650604758,228.26414938681143,220.17129370738007,222.06324768066406,66034600
2024-07-19,222.6971954569991,224.65849552449666,221.1717280930588,222.19200134277344,49151500
2024-07-22,224.86649525231948,225.62922890399747,220.98351093014816,221.84530639648438,48201800
2024-07-23,222.25140445670337,224.7971447504236,220.57735968997056,222.88536071777344,39960300
2024-07-24,221.88490694575157,222.67735606492835,215.0797809310421,216.47645568847656,61777600
2024-07-25,216.86276105080302,218.7646448818125,212.59346035218633,215.43637084960938,51391200
2024-07-26,216.6349653026102,217.41751434744816,213.97036267942912,215.90196228027344,41601300
2024-07-29,214.91139345300462,217.22929471632008,213.71281205128278,216.17930603027344,36311800
2024-07-30,217.1203256536185,218.24956072806748,214.07930652606245,216.7340087890625,41643800
2024-07-31,219.34909118598728,221.70662325926872,218.54674189777583,219.98304748535156,50036300
2024-08-01,222.25141811315143,222.36038006072013,214.97082835556836,216.2981719970703,62501000
2024-08-02,217.08069402896655,223.46980270062375,215.65430376795194,217.78399658203125,105568600
2024-08-05,197.21010696314244,211.484045462397,194.14928763761037,207.2939910888672,119548600
2024-08-06,203.36148541473497,208.00720313955475,199.17143085232243,205.27325439453125,69660500
2024-08-07,204.94637966039352,211.62274392073394,204.4412006806638,207.8388214111328,63516400
2024-08-08,211.0977289070064,212.1774330540979,206.85814362500793,211.29583740234375,47161100
2024-08-09,210.09728825409005,214.7330909034816,209.96851092003678,214.1981964111328,42201600
2024-08-12,214.27755355785243,217.68900361003634,213.81145133020567,215.72543334960938,38028100
2024-08-13,217.19312608520667,220.04923895369578,217.19312608520667,219.43438720703125,44155300
2024-08-14,218.7401920302427,221.1797757696837,217.87739912826086,219.88064575195312,41960600
2024-08-15,222.73677426147512,223.48055242779947,220.9120269929499,222.85577392578125,46414000
2024-08-16,222.06239369045758,224.94825642777528,221.79462933024135,224.1747283935547,44340200
2024-08-19,223.84746435464618,224.11522871504155,221.18968933533225,224.01605224609375,40687800
2024-08-20,223.8970689622142,225.28544883578485,223.57971634413767,224.63092041015625,30299000
2024-08-21,224.64085012661386,226.08872985229075,223.1830436738614,224.52183532714844,34765500
2024-08-22,225.90027790842765,226.44571820828537,222.04254943445835,222.66732788085938,43695300
2024-08-23,223.78797197411373,226.32673228874265,222.46900358067504,224.9581756591797,38677300
2024-08-26,224.87885041051024,225.39454085782168,222.0326640536948,225.2953643798828,30602200
2024-08-27,224.1251322421701,226.95149505120298,223.0243400581704,226.13829040527344,35934600
2024-08-28,226.0291983356657,227.95310672511408,223.8077756875659,224.61106872558594,38052200
2024-08-29,228.19113851748892,230.98773644426686,226.98125820388418,227.88369750976562,51906300
2024-08-30,228.28041127940648,228.48866070475935,225.5928860148415,227.10028076171875,52990800
2024-09-03,226.65398476754012,227.10024860517055,219.33520335446548,220.92193603515625,50190600
2024-09-04,219.82114598403248,219.94014563997789,215.67581475954933,219.0178680419922,43840200
2024-09-05,219.79139340374425,223.60944526365165,219.6823053430495,220.53517150878906,36615400
2024-09-06,222.09215251756703,223.37145940933704,217.94683622588397,218.98812866210938,48423000
2024-09-09,218.98812757352732,219.4343914347755,214.91222272734436,219.07737731933594,67180000
2024-09-10,217.10388142289187,219.6426417511051,214.9320468059923,218.2840118408203,51591000
2024-09-11,219.6228241682371,221.2392917639212,216.08243282408242,220.8128662109375,44587100
2024-09-12,220.65417167969628,221.69546405563682,217.99641184157417,220.92193603515625,37455600
2024-09-13,221.72520177663733,222.18137718301287,220.0690577657977,220.65415954589844,36766600
2024-09-16,214.74362792854853,215.4179946756504,212.14536768072225,214.5254669189453,59357400
2024-09-17,213.96019610771708,215.10064996456288,212.72056577105593,214.99156188964844,45519300
2024-09-18,215.7452565018275,220.86245391858552,215.7353297749969,218.8592071533203,59894900
2024-09-19,223.12352684243388,227.91345980340301,222.7665127356472,226.97132873535156,66781300
2024-09-20,228.06223610833695,231.15634864169297,225.73172498083707,226.30691528320312,318679900
2024-09-23,225.4540253555904,227.54652178723228,223.9367191660146,224.59124755859375,54146000
2024-09-24,226.75314473243895,227.44734973367454,223.85737047004787,225.4837646484375,43556100
2024-09-25,223.06400902085235,225.40443143928672,222.16156973744518,224.4920654296875,42308700
2024-09-26,225.41434646896755,226.604388370512,223.54002631267903,225.6325225830078,36636700
2024-09-27,226.56473891662026,227.61594290444046,225.41435845997736,225.90028381347656,34026000
2024-09-30,228.1316114938428,231.0670623779297,227.7448474882838,231.0670623779297,54541900
2024-10-01,227.6159583693189,227.74486962890148,221.88390914906273,224.3334197998047,63285000
2024-10-02,224.0160654907427,225.48378349827837,221.16987922367838,224.898681640625,32880600
2024-10-03,223.2722952944607,224.92843958391967,221.46740141968138,223.7978973388672,34044200
2024-10-04,226.00936828631617,226.1085447535635,222.27065455992025,224.9185028076172,37245100
2024-10-07,222.63762365545216,223.81775423762977,219.49392272304183,219.85093688964844,39505400
2024-10-08,222.43925780658088,224.10531361949606,221.3979653574062,223.89706420898438,31855700
2024-10-09,223.36153007501719,227.84403724277382,222.96485445261254,227.63577270507812,33591100
2024-10-10,225.8903660776275,227.59609839600836,225.2854259515482,227.13990783691406,28183500
2024-10-11,227.39775944467098,227.50684750397573,225.45401269675094,225.6622772216797,31759200
2024-10-14,226.80275797652766,229.80762063057296,226.70359663127624,229.38119506835938,39882100
2024-10-15,231.67201972311165,235.51983687729248,230.44230106244424,231.9100341796875,64751400
2024-10-16,229.67869350471682,230.19436878170097,227.93328446814013,229.85719299316406,34082200
2024-10-17,231.49351658619665,231.91004568892726,228.6076687095473,230.22413635253906,32993800
2024-10-18,234.2206797118992,234.2206797118992,232.0686835146529,233.05047607421875,46431500
2024-10-21,232.5050605584077,234.8851598599691,232.5050605584077,234.51821899414062,36254500
2024-10-22,231.94970749678197,234.2603802258017,230.67041566655348,233.9033660888672,38846600
2024-10-23,232.13812257917175,233.18932661738793,225.87054472777703,228.8456573486328,52287000
2024-10-24,228.07212485007065,228.90516786821388,226.51515714412935,228.65724182128906,31109500
2024-10-25,227.83413589840254,231.28526239164006,227.6655479946858,229.4902801513672,38802300
2024-10-28,231.38440684709022,232.78269812140084,230.620790456467,231.46372985839844,36087100
2024-10-29,231.16622763071734,232.3860194148962,230.3926996571207,231.7314910888672,35417200
2024-10-30,230.68033441798144,231.53320070866118,227.64572172599728,228.191162109375,47070900
2024-10-31,227.43742665071557,227.92336713292326,223.5003599556127,224.035888671875,64370100
2024-11-01,219.1368672842602,223.4805363045207,218.44267740554844,221.06077575683594,65276700
2024-11-04,219.15670083339904,220.94175615916865,217.88732075932978,220.16822814941406,44944500
2024-11-05,219.9599923572388,222.09215031274817,219.3054639601429,221.59629821777344,28111300
2024-11-06,220.76328741365683,224.19459083458287,219.35506917081855,220.87237548828125,54561100
2024-11-07,222.76650205936048,225.98954046008802,222.70700223311508,225.5928497314453,42137700
2024-11-08,225.53330763226646,227.01257809039103,224.77878865400953,225.3248291015625,38328800
2024-11-11,223.37895863100835,224.07391236142266,219.90417483008153,222.614501953125,42005600
2024-11-12,222.93220374351736,223.9647042645822,221.7507748273854,222.614501953125,40398300
2024-11-13,222.39605879884869,225.01703765642938,221.15506473467502,223.49806213378906,48566200
2024-11-14,223.3987876531247,227.2210402122622,223.3789275067786,226.5757293701172,44923900
2024-11-15,224.76884409236825,225.28510187679902,222.65420045885568,223.37893676757812,47923700
2024-11-18,223.62713486361545,228.08479108540536,223.54770942404784,226.37718200683594,44633700
2024-11-19,225.34464764897942,228.5017442258817,225.02696106605572,226.63528442382812,36211800
2024-11-20,226.41689814964724,228.27342054954684,224.26253412411586,227.35012817382812,35169600
2024-11-21,227.230987838277,228.50176458087773,224.0838286281757,226.8735809326172,42108300
2024-11-22,226.4168797117104,229.05771868234922,226.4168797117104,228.21383666992188,38168300
2024-11-25,229.79238523732437,231.56948199204686,228.0847762696763,231.1922149658203,90152800
2024-11-26,231.6489234928732,233.87279036398945,231.6489234928732,233.366455078125,45986200
2024-11-27,232.78068842055708,233.99189975911068,232.12543996222107,233.23736572265625,33498400
2024-11-29,233.11826871739834,236.09665470361549,232.28432427698263,235.6201171875,28481400
2024-12-02,235.5605381566453,239.0551666028684,235.45133007089746,237.8638153076172,48137100
2024-12-03,238.08222901174219,241.01097200063165,237.17878168890522,240.90176391601562,38861000
2024-12-04,241.12017980186528,242.35125137710352,239.51185632927692,241.25917053222656,44383900
2024-12-05,242.23213863223197,242.77816394602775,240.38553870781277,241.28897094726562,40033900
2024-12-06,241.15989600483465,242.86750503393802,240.33587413565135,241.09039306640625,36870600
2024-12-09,240.08767817050534,245.45870413211114,240.0082527322972,244.97222900390625,44649200
2024-12-10,245.11121388943334,246.4217108653419,243.57237825215392,245.98487854003906,36914800
2024-12-11,246.17352158557497,248.9930565140259,244.48575750906295,244.714111328125,45205800
2024-12-12,245.11122473397327,246.9479020514793,243.9099357862414,246.17352294921875,32777500
2024-12-13,246.0345210589055,247.49391610940148,244.46590277835176,246.34228515625,33155300
2024-12-16,246.20329464964811,249.56886987487528,245.86573275817128,249.23130798339844,51694800
2024-12-17,248.2782345553336,252.0012166921119,247.98039295462073,251.6537322998047,51356400
2024-12-18,250.34326772719038,252.4479889260113,245.95511429725673,246.26287841796875,56774100
2024-12-19,245.71684652457995,250.18442555229956,245.3097967996626,247.99034118652344,60882300
2024-12-20,246.25295201238012,253.1628143156686,243.91989202858784,252.656494140625,147495300
2024-12-23,252.93444954402884,253.80809906094288,251.62395254537785,253.43084716796875,40858800
2024-12-24,253.64924013847912,256.34962902881983,253.45066898797964,256.3397216796875,23234700
2024-12-26,256.32980188696064,258.2260444048055,255.77383898408218,257.15380859375,27237100
2024-12-27,255.9723714358678,256.8361287043752,251.2367492695516,253.74851989746094,42355300
2024-12-30,250.41276299480816,251.67361731138075,248.9434301413362,250.3829803466797,35557500
2024-12-31,250.62123433005314,251.45517870098834,247.63291094425557,248.61578369140625,39480700
2025-01-02,247.1365264348607,247.3053149666319,240.07776640397734,242.0931396484375,55740700
2025-01-03,241.60662841796875,242.42071256392975,240.14721833490813,241.60662841796875,40244100
2025-01-06,242.54983205880436,245.5480782886853,241.44782860288205,243.23486328125,45045600
2025-01-07,241.22939201717418,243.78088314896328,239.61114601786818,240.46495056152344,40856000
2025-01-08,240.17703689438372,241.9541489627904,238.32051453305579,240.951416015625,37628900
2025-01-10,238.28079154222544,238.4297199246896,231.32130202918376,235.14356994628906,61710900
2025-01-13,231.84750029737077,232.97928640713008,228.06495238182922,232.7112274169922,49630700
2025-01-14,233.05869925952226,234.41882398797216,230.79512716232853,231.5992889404297,39435300
2025-01-15,232.94946471611047,237.2383472440859,232.74097105897866,236.15618896484375,39832000
2025-01-16,235.6399687194268,236.29520209930612,226.3871093224655,226.61544799804688,71759100
2025-01-17,230.44762501944012,230.61639839146835,226.83385097126646,228.3230438232422,68488300
2025-01-21,222.38613659782595,222.8031087860845,217.79942737812888,221.0359344482422,98070400
2025-01-22,218.2064601780486,222.5052654056773,218.2064601780486,222.2173614501953,64126500
2025-01-23,223.12083531174778,225.3943300272927,220.69841220245485,222.04861450195312,60234800
2025-01-24,223.160517277336,224.00439930767484,219.81480209957203,221.1749267578125,54697900
2025-01-27,222.40601266103107,230.47742834163907,222.36629236472388,228.2039337158203,94863400
2025-01-28,229.18679454547646,238.4594987479956,229.147074251248,236.54339599609375,75707600
2025-01-29,232.43322998057818,238.13188043636077,232.32402189200354,237.63548278808594,45486100
2025-01-30,236.95044029141235,239.05516137192973,235.50096771104396,235.8782196044922,55658300
2025-01-31,245.40906406001392,245.40906406001392,231.75812916176676,234.2996826171875,100959800
2025-02-03,228.33297872450572,230.15971829856622,224.0738787357251,226.3672332763672,73063300
2025-02-04,225.61272492539547,231.45036595591674,225.01704170433482,231.12274169921875,45067300
2025-02-05,226.88350440739822,230.99367626573292,226.625383087866,230.7951202392578,39620300
2025-02-06,229.62361584180033,232.11554171369926,228.7698112868805,231.5397186279297,29925300
2025-02-07,230.9241838961893,232.31409120281862,225.62264568638093,225.989990234375,39707200
2025-02-10,228.16660736242451,229.1803610121675,225.81108525741098,226.25833129882812,33115600
2025-02-11,226.80494431220234,233.79196667406026,226.7353801285285,231.1979217529297,53718400
2025-02-12,229.7866449882993,235.5114431570428,229.2698195612854,235.42198181152344,45243300
2025-02-13,235.4617298072221,240.85852795215618,234.1299251101732,240.05348205566406,53614100
2025-02-14,239.77522427175464,244.04894114679902,239.51681912694215,243.10475158691406,40896200
2025-02-18,242.65747382373942,243.6811760890431,240.3615975750387,242.97552490234375,48822500
2025-02-19,243.16435439309654,244.50609250836237,241.6735241546838,243.37306213378906,32204200
2025-02-20,243.4426355672204,245.27138364211797,242.7966000469895,244.3271942138672,32316900
2025-02-21,244.44645306890683,247.1697083342209,243.72091995824803,244.0489044189453,53197400
2025-02-24,243.43269920852308,247.33868242018207,242.92582237394555,245.58944702148438,51326400
2025-02-25,246.48395378064242,248.47172760145406,243.41284686721102,245.52981567382812,48013300
2025-02-26,242.83637220684057,243.48239258336395,237.66816369812489,238.89064025878906,44433600
2025-02-27,237.94643641845556,240.97779411500133,235.61079643123784,235.84933471679688,41153600
2025-02-28,235.50146657809572,240.61004395755495,228.79273089598732,240.361572265625,56833400
2025-03-03,240.31188380351972,242.5381957053339,234.66661403302143,236.5748748779297,47184000
2025-03-04,236.25684921580154,238.60242278275774,233.24535811530478,234.4877166748047,53798100
2025-03-05,233.98082285378285,235.1039197629907,227.82866128733946,234.2988739013672,47227600
2025-03-06,233.00684447444675,236.4059358119138,231.73467047090975,233.8914031982422,45170400
2025-03-07,233.67273718007357,239.89446338205195,233.32487071745646,237.60853576660156,46273600
2025-03-10,234.10008031193473,234.71630041445476,222.84929009717774,226.08935546875,72071200
2025-03-11,222.4418047589131,224.4593937721428,216.1206840338927,219.48995971679688,76137400
2025-03-12,218.7942505386503,220.39440897367027,213.5962265598192,215.653564453125,62547500
2025-03-13,214.62986833256545,215.51442704761877,207.14590135231947,208.398193359375,61368300
2025-03-14,209.9585940343847,212.64208545758027,208.2988048386841,212.18490600585938,60107600
2025-03-17,212.00600336087763,213.9043309003415,208.68642489319868,212.69178771972656,48073400
2025-03-18,212.85081593904235,213.83475423543342,210.19713981325924,211.38980102539062,42432400
2025-03-19,212.91044076829724,217.4226803637017,212.443312738742,213.92420959472656,54385400
2025-03-20,212.6818553101102,216.16045933121794,210.92267131595005,212.7911834716797,48862900
2025-03-21,210.26669685360034,217.5021918152461,209.9884097524224,216.93568420410156,94127800
2025-03-24,219.64899945464327,220.1260609084734,217.24379503613238,219.38064575195312,44299500
2025-03-25,219.42039321145907,222.7300380772677,218.73460889257407,222.38217163085938,34493600
2025-03-26,222.1436270366165,223.64440576884627,219.12221792138408,220.1757354736328,34466100
2025-03-27,220.03659916949772,223.61459773398053,219.21167130142226,222.4815673828125,37094800
2025-03-28,220.31487416588553,222.44179120535847,216.34926057176412,216.5679168701172,39818600
2025-03-31,215.683368745432,224.24073468961828,214.90813825561798,220.77207946777344,65299300
2025-04-01,218.46623485626614,222.31257156321558,217.56179431227562,221.82557678222656,36412700
2025-04-02,219.9670353213626,223.8133724100327,219.66886624627372,222.5213165283203,35905900
2025-04-03,204.28351646204925,206.22160814156834,200.01974813123203,201.94789123535156,103419000
2025-04-04,192.70470416765195,198.65809134675584,186.19474282689396,187.2283935546875,125910900
2025-04-07,176.11674047268428,192.96311894309866,173.55251067175698,180.3507080078125,160466300
2025-04-08,185.55866963100107,189.17641711488596,168.175598539417,171.365966796875,120859500
2025-04-09,170.89883496621582,199.38363475051753,170.83920418374143,197.6343994140625,184395900
2025-04-10,187.9141974958541,193.5892830219747,181.88129692496375,189.2559356689453,121880000
2025-04-11,184.96233608452022,198.32016168749274,184.92257212057936,196.93865966796875,87435900
2025-04-14,210.14743595954587,211.63826622013798,199.9302804535287,201.28196716308594,101352900
2025-04-15,200.6259945192588,202.26590170954893,198.57859009217825,200.90428161621094,51343900
2025-04-16,197.1473909296092,199.47308245703653,191.19400339685228,193.0823974609375,59732400
2025-04-17,195.99447418061752,197.61451451967758,193.2314700862815,195.77581787109375,52164700
2025-04-21,192.08851517151226,192.6152739871965,188.64966000796989,191.97918701171875,46742500
2025-04-22,194.9211009149487,200.3576636647513,194.77202394084523,198.51898193359375,52976400
2025-04-23,204.7406939661261,206.72846769395255,201.56025903470575,203.34925842285156,52929200
2025-04-24,203.6374845300284,207.5534013078127,201.69940812530302,207.09620666503906,47311000
2025-04-25,205.10841141990002,208.46775361357263,204.9394524859384,208.00062561035156,38222300
2025-04-28,208.71621839949725,210.2070485309222,206.19175271644127,208.85536193847656,38743100
2025-04-29,207.41425458581946,210.94255602883885,207.096203506044,209.91885375976562,36827600
2025-04-30,208.02050829648644,212.2743425468257,205.40658118436113,211.20094299316406,52286500
2025-05-01,207.80185982414434,213.2483553954001,207.62295230903422,212.0159454345703,57365700
2025-05-02,204.83013207172814,205.72463931330321,200.92416412992952,204.09466552734375,101010600
2025-05-05,201.85841873478097,202.85230555244996,196.99831280299983,197.6741485595703,69018500
2025-05-06,196.99832434112832,199.42339557924856,195.81559653234874,197.29647827148438,51216500
2025-05-07,197.95242524507105,198.22077891807172,192.0686174137577,195.05027770996094,68536700
2025-05-08,196.51130456752412,198.82706269335065,193.48988012199126,196.28271484375,50478900
2025-05-09,197.78348851905432,199.3140676367793,196.33240700583877,197.3163604736328,36453900
2025-05-12,209.95526516858178,210.2538252478288,205.75556156059073,209.776123046875,63775800
2025-05-13,209.41784747983854,212.37356332026266,207.99473291206186,211.90582275390625,51909300
2025-05-14,211.40822571910564,212.9109724892217,209.56713314477625,211.3087158203125,49325800
2025-05-15,209.93535780893234,211.93569971673273,208.53213606160298,210.43295288085938,45029500
2025-05-16,211.33859654598928,211.54759317457453,208.76105751069144,210.24388122558594,54737900
2025-05-19,206.90999202317107,208.47243269467637,203.2775387890809,207.7758026123047,46140500
2025-05-20,206.6711222878563,207.46727738969238,204.04382108157407,205.86502075195312,42496600
2025-05-21,204.18315305948536,206.04415370597744,199.74461367242378,201.1179656982422,59211800
2025-05-22,199.7446272097534,201.77480849030061,198.7394754118135,200.39149475097656,46742400
2025-05-23,192.73846975457602,196.74908474491085,192.52948833207407,194.33078002929688,78432900
2025-05-27,197.34620772495165,199.77447409530296,196.48038197740732,199.2470245361328,56288500
2025-05-28,199.6251894151235,201.75489573800118,198.9385057789635,199.4560089111328,45339700
2025-05-29,202.60082660426147,202.82971610271787,197.55520490499057,198.98828125,51396800
2025-05-30,198.41106448584634,200.98861863398105,195.8335255231089,199.8839569091797,70819900
2025-06-02,199.31669015009302,201.15779807678393,199.15745607510846,200.7298583984375,35423300
2025-06-03,200.38154929416936,202.78990771325485,199.99342573046133,202.2923126220703,46381600
2025-06-04,201.9340306292736,205.24801554678163,201.1279290627925,201.84446716308594,43604000
2025-06-05,202.521183994692,203.765171611367,199.1872911078447,199.6649932861328,55126100
2025-06-06,202.02362051888113,204.71063115372752,201.07819281954235,202.93919372558594,46607700
2025-06-09,203.40692547634254,205.0091823144686,199.05794913802782,200.48106384277344,72862600
2025-06-10,199.63513956616538,203.36710243054736,199.60528507808198,201.69517517089844,54672600
2025-06-11,202.5211970741936,203.51638723180633,197.45568281643992,197.8238983154297,60989900
2025-06-12,198.12244911144163,198.71955406677787,196.410720905765,198.2418670654297,43904600
2025-06-13,198.7693188209708,199.4062398916536,194.758703844025,195.50509643554688,51447300
2025-06-16,196.35101387226533,197.73432753277095,195.61456771612566,197.4656219482422,43020700
2025-06-17,196.25149936947125,197.4357781067605,194.27108064091922,194.69900512695312,38856200
2025-06-18,194.9975546383106,196.6197193940347,194.13174409281177,195.6344757080078,45394700
2025-06-20,197.28649906078425,200.72984844555882,195.9131318065836,200.03321838378906,96813500
2025-06-23,200.6602023375907,201.3269779408771,198.00304635957568,200.53082275390625,55814300
2025-06-24,201.61557243039425,202.46149014710028,199.23706853700068,199.3365936279297,54064000
2025-06-25,200.48105886821313,202.690382284235,199.65504919597097,200.5905303955078,39525700
2025-06-26,200.4611428555203,201.66532960796235,198.50063224789568,200.03321838378906,50799100
2025-06-27,200.91894034324127,202.24254507531293,199.03803155248616,200.1128387451172,73188600
2025-06-30,201.03834688076608,206.39247448465787,198.30157410241034,204.1831512451172,91912800
2025-07-01,205.6759415551798,209.17901505124104,205.1484920031366,206.82041931152344,78788900
2025-07-02,207.90517762155153,212.3138626915596,207.13887695509675,211.41819763183594,67941800
2025-07-03,211.12958235725722,213.61755770997246,210.7912213537831,212.52285766601562,34955800
2025-07-07,211.65703516300363,215.18996325511674,207.79570768244494,208.94017028808594,50229000
2025-07-08,209.08945658408672,210.41304612040562,207.4473837253886,208.9998779296875,42848900
2025-07-09,208.52219391164948,210.31353924447487,206.22330706177223,210.12445068359375,48749400
2025-07-10,209.49749609462273,212.45321238064957,209.01980902189666,211.38836669921875,44443600
2025-07-11,209.55718962168862,211.1096837700706,208.85059795908091,210.14434814453125,39765800
2025-07-14,208.92027389637033,209.89557123752414,206.54176989733165,207.6165771484375,38840100
2025-07-15,208.2137043224775,210.8708604550018,207.915144211828,208.10423278808594,42296300
2025-07-16,209.28849593835915,211.37838618562168,207.63647661047767,209.149169921875,47490500
2025-07-17,209.5571995447156,210.78127919114968,208.58190225319882,209.0098419189453,48068100
2025-07-18,209.85575432940058,210.77132749863404,208.6913836081342,210.1642608642578,48974600
2025-07-21,211.07983063398711,214.74212298846783,210.61209006251647,211.45799255371094,51377400
2025-07-22,212.1148098811231,213.91610146940232,211.2091832773312,213.36874389648438,46404100
2025-07-23,213.96589762082587,214.11517007989065,211.38835859165647,213.11997985839844,46989300
2025-07-24,212.87118332406595,214.65258233290422,212.50296779967493,212.7318572998047,46022600
2025-07-25,213.66733592091674,214.20474714033003,212.37358560556336,212.85128784179688,40268800
2025-07-28,213.00053872316795,213.8166019050196,212.03520309848784,213.02044677734375,37858000
2025-07-29,213.14980632007004,213.77678093648746,209.8059821935656,210.25381469726562,51411700
2025-07-30,210.88077731884883,211.36842593737322,206.72088996610802,208.04449462890625,45512500
2025-07-31,207.48722851572543,208.8307262926637,206.16362361105087,206.5716552734375,80698400
2025-08-01,209.8557561748323,212.5527283441607,200.530828701964,201.40660095214844,104434500
2025-08-04,203.52634207300898,206.88014336875773,200.70995198839026,202.37193298339844,75109300
2025-08-05,202.42167200915333,204.35234334482283,201.18764593221573,201.94398498535156,44155100
2025-08-06,204.64094523363173,214.3440487139093,204.60112912578842,212.2242889404297,108483100
2025-08-07,217.82723230897543,219.78775818606874,215.53829184895108,218.97169494628906,90224800
2025-08-08,219.76786212559261,229.88894502591432,218.19545972697713,228.24688720703125,113854000
2025-08-11,227.08115402328403,228.71511750604432,223.9327805410339,226.3438720703125,61806100
2025-08-12,227.17083074525974,229.95057099439725,226.23430307406312,228.80479431152344,55626200
2025-08-13,230.2195756343437,234.1351043372746,229.58191650034667,232.47125244140625,69878500
2025-08-14,233.1985666998313,234.25466305951576,230.0003892485326,231.92327880859375,51916300
2025-08-15,233.13880497436926,233.41777326838445,228.4959516198378,230.7376708984375,56038700
2025-08-18,230.8472538899505,232.26202593201924,229.26310933608104,230.0402374267578,37476200
2025-08-19,230.42880766374827,232.0129522601839,228.50591803460907,229.71145629882812,39402600
2025-08-20,229.1335667246527,229.6217687789582,224.93906991665554,225.1781768798828,42263900
2025-08-21,225.43724912794482,225.68632903786573,222.9564077521854,224.07228088378906,30621200
2025-08-22,225.3376235225593,228.24687520672327,224.58042602754637,226.92176818847656,42477800
2025-08-25,225.6464693442017,228.45609804536198,225.3973894325087,226.323974609375,30983100
2025-08-26,226.03501179732243,228.64537936019502,223.8630424721864,228.46603393554688,54575100
2025-08-27,227.7686378094015,230.05020313892598,227.41991984776428,229.6417236328125,31259500
2025-08-28,229.9704999102399,232.55096405412047,228.4959359400532,231.70408630371094,38074700
2025-08-29,231.65426265633033,232.52107103838586,230.51845893056873,231.28562927246094,39418400
2025-09-02,228.4062708029861,230.00038826150748,226.1346633063032,228.87454223632812,44075600
2025-09-03,236.33697373754433,237.9709372370204,233.49745685978084,237.5923309326172,66427800
2025-09-04,237.57239985348932,239.0170601981439,235.8687018920251,238.8975067138672,47549400
2025-09-05,239.1167027112504,240.43185187342493,237.61226559630578,238.80784606933594,54870400
2025-09-08,238.41928864081726,239.2661511981365,235.47017586985078,237.0045166015625,48999500
2025-09-09,236.12774389612645,237.90119155812317,232.5011411802574,233.4875030517578,66313900
2025-09-10,231.3354417686907,231.56459101144756,225.11840222253522,225.95530700683594,83440800
2025-09-11,226.04500979013486,229.60186307827533,225.81584532196928,229.18341064453125,50208600
2025-09-12,228.37638560886936,233.6469097348115,228.17712472443904,233.2085418701172,55824200
2025-09-15,236.1277410783948,237.31336381412066,234.16499028444412,235.82884216308594,42699500
2025-09-16,236.30708253667353,240.33222235518573,235.45026224943368,237.2735137939453,63421100
2025-09-17,238.09049720761,239.21634322602875,236.85505542454314,238.1104278564453,46508000
2025-09-18,239.08682096339746,240.31228984200703,235.77903252032195,237.0045166015625,44249600
2025-09-19,240.34217704154452,245.3935247988757,239.32594197772087,244.59646606445312,163741300
2025-09-22,247.38616206443075,255.69547916115815,247.2068166293636,255.13751220703125,105517400
2025-09-23,254.9382669065294,256.3928850249964,252.64672876089196,253.49359130859375,60275200
2025-09-24,254.2807025242173,254.79879299943292,250.11607847800005,251.38140869140625,42303700
2025-09-25,252.27808820484515,256.22352044118514,250.7836088309123,255.9246063232422,55202100
2025-09-26,253.1648258525147,256.65194458214916,252.84599627139946,254.5198211669922,46076300
2025-09-29,253.62311772285494,254.06150078407975,252.07881928540593,253.49359130859375,40127700
2025-09-30,253.92203562343897,254.9781320575181,252.17847617402816,253.69288635253906,37704300
2025-10-01,254.10134722927504,257.83756097799323,253.9917514638179,254.5098419189453,48713900
2025-10-02,255.63563032858355,257.22974752480764,253.21458136967644,256.1836242675781,42630200
2025-10-03,253.73271197999827,258.2858846694617,253.01536064819075,257.07037353515625,49155600
2025-10-06,257.0405037108186,258.1165459888059,254.11133663097664,255.74530029296875,44664100
2025-10-07,255.86485915808862,256.4526841311554,254.48993311029045,255.5360870361328,31955800
2025-10-08,255.5758888188916,257.56852798749276,255.16739414069707,257.1102294921875,36496900
2025-10-09,256.8611554198282,257.0504585775582,252.2083446799687,253.1050262451172,38322000
2025-10-10,254.00171816056968,255.436420799504,243.10197943699816,244.3673095703125,61999100
2025-10-13,248.46219085423505,248.7710475029622,244.6562426215344,246.74851989746094,38142900
2025-10-14,245.69241642712313,247.93413549962378,243.79940008876653,246.8581085205078,35478000
2025-10-15,248.57178982967116,250.89321639065437,246.559219921403,248.42233276367188,33893600
2025-10-16,247.33635013275978,248.1234359576197,244.22783772705108,246.53929138183594,39777000
2025-10-17,247.1072067041429,252.4474806979352,246.3599669580113,251.36148071289062,49147000
2025-10-20,254.94822099113512,263.4069798400544,254.68918336894043,261.27484130859375,90483000
2025-10-21,260.9161783410852,264.3136317818121,260.86634411857244,261.8028869628906,46695900
2025-10-22,261.68336485657886,261.882640960004,254.48993535873984,257.49884033203125,45015300
2025-10-23,258.98332466328685,259.6608147081683,257.0604350924048,258.6246337890625,32754900
2025-10-24,260.2287163700197,263.15789839957887,258.22610426270086,261.85272216796875,38253700
2025-10-27,263.90514984178776,268.1295353654346,263.67598537979285,267.8206787109375,44888200
2025-10-28,267.9999758056659,268.896687690681,267.16307106420925,268.00994873046875,41534800
2025-10-29,268.28892986747474,270.4110953948544,266.1269030442272,268.7073974609375,51086700
2025-10-30,270.98897852374654,273.131090148023,267.49191714200913,270.4011535644531,69886500
2025-10-31,275.9705701844509,276.29937269597025,268.16940070155243,269.37493896484375,86167100
2025-11-03,269.42476736726525,269.8531775103368,265.2701011373342,268.0597839355469,50194600
2025-11-04,267.3424445625432,270.49081837885313,266.6350661079627,269.0461730957031,49274800
2025-11-05,267.6214146886098,270.7000692568828,265.94760492323326,269.14581298828125,43683100
2025-11-06,266.90407480138714,272.3937751745226,266.90407480138714,268.7771301269531,51204000
2025-11-07,268.8069946610708,271.28785094446636,265.78814772800683,267.4819030761719,48227400
2025-11-10,268.2298525605972,272.98692304032335,266.733924572705,268.6985778808594,41312400
2025-11-11,269.07757258136417,275.16101963639426,269.0675899882029,274.5028076171875,46208300
2025-11-12,274.2535066981436,274.9815360542478,270.9624767916609,272.7276611328125,48398000
2025-11-13,273.36590026791555,275.9488963676571,271.3513946141157,272.2090759277344,49602800
2025-11-14,270.31420819279356,275.21088338895913,268.8681625557137,271.6705322265625,47431300
2025-11-17,268.0903024129557,269.75575219797963,265.00869378967747,266.7339782714844,45018300
2025-11-18,269.25705465795,269.97510130800674,264.59974924229334,266.7139892578125,45677300
2025-11-19,264.80921977983166,271.47107967039307,264.77930243197466,267.83099365234375,40424500
2025-11-20,270.09480618650156,274.68232536305425,265.1981613886433,265.5272521972656,45823600
2025-11-21,265.2280517805383,272.5879921198442,264.9488130991126,270.75299072265625,59030800
2025-11-24,270.164627965921,276.24807542504453,270.164627965921,275.1710205078125,65585800
2025-11-25,274.52277261748515,279.6189174225992,274.50283786370125,276.2181701660156,46914200
2025-11-26,276.2081750495132,278.7712060098946,275.8790842359358,276.79656982421875,33431400
2025-11-28,276.50736791500816,278.242634823177,275.2407959413455,278.0930480957031,20135600
2025-12-01,277.2553332443013,282.65065109438723,275.3904143522869,282.3315124511719,46587700
2025-12-02,282.231773534172,286.619823290159,281.86278279875575,285.4131164550781,53669500
2025-12-03,285.4230848596457,287.8364984098337,282.5309329409685,283.3786315917969,43538700
2025-12-04,283.3287830094401,283.95707766942763,277.83373081751637,279.9380187988281,43989100
2025-12-05,279.77845592816414,280.37683325787106,277.2951945750906,278.0232238769531,47265800
2025-12-08,277.37501993231956,278.91084811822003,275.4003836933047,277.13568115234375,38211800
2025-12-09,277.40493251311347,279.2698514894354,276.16830825817004,276.4275817871094,32193300
2025-12-10,276.9960211276047,278.9905919368044,275.68957968235776,278.0232238769531,33038300
2025-12-11,278.34237127554803,278.8310314000742,273.0667227973629,277.2752685546875,33248000
2025-12-12,277.14562382282355,278.4620479370953,276.0685689150702,277.52459716796875,39532900
2025-12-15,279.3894873363706,279.3894873363706,272.0993337942639,273.3658752441406,50409100
2025-12-16,272.07941349564567,274.752131096348,271.0522107383373,273.8645324707031,37648600
2025-12-17,274.2634896625032,275.41036187784255,270.9026424636208,271.1020812988281,50138700
2025-12-18,272.86723904028526,272.8872042261758,266.22534517191764,271.45111083984375,51630700
2025-12-19,271.41126100078174,273.854622814086,269.1673684747946,272.9271545410156,144632000
2025-12-22,272.1192896847017,273.13654030849926,269.7756932559407,270.23443603515625,36571800
2025-12-23,270.1048034873943,271.7603010837797,268.8282792538215,271.62066650390625,29642000
2025-12-24,271.60070067851706,274.6823088952694,271.46109654935304,273.06671142578125,17910600
2025-12-26,273.41578359787746,274.6224904749486,272.11929424741834,272.6578369140625,21521800
2025-12-29,271.9497734782625,273.61522314661676,271.6107000753325,273.0168762207031,23715200
2025-12-30,272.06942798009953,273.3359694836473,271.54086793463244,272.33868408203125,22139600
2025-12-31,272.3187639976345,272.9370761103812,271.0123224859311,271.12200927734375,27293600
2026-01-02,271.52095990203577,277.0857995993762,268.26979943372277,270.27435302734375,37838100
2026-01-05,269.9053759278346,270.7730094869922,265.41759095171795,266.5345458984375,45647200
2026-01-06,266.27521573774703,266.82371056256306,261.40845786144683,261.6477966308594,52352100
2026-01-07,262.485556491205,262.96423405428067,259.10474402829175,259.6233215332031,48309800
2026-01-08,256.3222864925608,258.58614386359903,255.00587765735156,258.3368225097656,50419300
2026-01-09,258.3767027680543,259.5036402038468,255.52448097015204,258.6659240722656,39997000
2026-01-12,258.45648066308013,260.5906555331263,256.1028713590674,259.54351806640625,45263800
2026-01-13,258.01770778709204,261.0993163539261,257.68861696081353,260.34136962890625,45730800
2026-01-14,258.78557762508564,261.1092696408236,256.0131254420647,259.2543029785156,40019400
2026-01-15,259.9424426175537,260.3313985459844,256.35220896361545,257.5090637207031,39388600
2026-01-16,257.1999111311508,258.1971965798445,254.23797213114116,254.8363494873047,72142800
2026-01-20,252.04394930256512,254.09835490933511,242.75922413209136,246.0303192138672,80267500
2026-01-21,248.02489020045314,250.87712721718017,244.51444112970407,246.9777374267578,54641700
2026-01-22,248.52352576906395,250.31864258405668,247.47637302553753,247.67584228515625,39708300
2026-01-23,246.64863719927277,248.73296007338791,244.0157890837153,247.36666870117188,41689000
2026-01-26,250.7973501838168,255.86356228737432,249.121917868832,254.71669006347656,55969200
2026-01-27,258.4664899667647,261.2389423700868,257.5090739976807,257.56890869140625,49648300
2026-01-28,256.95057275810245,258.1572795494081,253.81909726521187,255.74386596679688,41288000
2026-01-29,257.29964922744847,258.94516415300217,253.7193980705993,257.5788879394531,67253000
2026-01-30,254.4773517832236,261.1890792690021,251.49546251262876,258.7756652832031,92443400
2026-02-02,259.3241487899344,269.7557466562268,258.50636737104884,269.2770690917969,73913400
2026-02-03,268.4692659190308,271.1419837262723,266.88355520832346,268.7485046386719,64394700
2026-02-04,271.55083028665655,278.19275421850585,271.55083028665655,275.7394104003906,90545700
2026-02-05,277.3749854862336,278.7412615768201,272.48829324857786,275.1610107421875,52977400
2026-02-06,276.3677353153735,280.14745564173626,276.1782486476445,277.3650207519531,50453400
2026-02-09,277.41494619870406,277.70443813431814,271.2160169672847,274.13079833984375,44623400
2026-02-10,274.40031021957236,274.87943562430115,272.4537718732244,273.19244384765625,34376900
2026-02-11,274.2106536370846,279.6808719096702,273.9610989943363,275.00921630859375,51931300
2026-02-12,275.09909064411113,275.22886395053104,259.7165366668213,261.2637939453125,81077200
2026-02-13,261.5432690161623,261.7628783299504,254.9949421084194,255.32435607910156,56290700
2026-02-17,257.5903108294174,265.8156532326085,255.08478749757862,263.4099426269531,58469100
2026-02-18,263.13045584681157,266.3447212846438,261.9825104325609,263.8791198730469,34203300
2026-02-19,262.13220471573277,264.00886051677537,259.5867290635135,260.11578369140625,30845300
2026-02-20,258.50868117461044,264.2783836675007,257.7001265171608,264.1086730957031,42070500
2026-02-23,263.0206001676805,268.95002088588865,262.91081074777924,265.705810546875,37308200
2026-02-24,267.38283777638213,274.4003442568012,267.233111068832,271.6552429199219,47014600
2026-02-25,271.29586819299504,274.45024283739696,270.567157599074,273.74151611328125,33714300
2026-02-26,274.4602128097023,275.61811956353745,270.31758130113775,272.4637756347656,32345100
2026-02-27,272.3240124520744,272.3240124520744,262.4217010495403,263.7093811035156,72366500
2026-03-02,261.94253069595567,266.05518620599753,259.73647625260065,264.2484130859375,41827900
2026-03-03,263.0106738027697,265.08695529305965,259.6666350681776,263.2801818847656,38568900
2026-03-04,264.17854815272653,265.67587606267574,260.95432154975975,262.0523376464844,39803100
2026-03-05,260.3254337562426,261.09405110124777,256.79173142961054,259.8263244628906,49658600
2026-03-06,258.16927189629365,258.3090066542827,253.916851068475,257.0013427734375,41120000
2026-03-09,255.2345148744848,260.68477987096253,253.22808575123491,259.41705322265625,38218500
2026-03-10,257.19102845716964,262.01244158439727,256.4922936817907,260.3653564453125,30590800
2026-03-11,260.62486739620806,261.6630231774062,259.08760235948154,260.3453674316406,26218900
2026-03-12,258.1992253881205,258.48871731031414,253.72719511663234,255.30438232421875,40794000
2026-03-13,255.024890934378,255.87336762960538,249.07551643845036,249.6744384765625,36930000
2026-03-16,251.66090222791988,253.43773019062647,249.4348789230203,252.36964416503906,32074200
2026-03-17,252.5093881906664,254.67552076289968,251.7307636559193,253.77711486816406,32361600
2026-03-18,252.1799767808244,254.48585937367065,248.55643828829037,249.49476623535156,35757900
2026-03-19,248.95572868612365,251.38140795985734,246.85947863088072,248.5165252685547,34864100
2026-03-20,247.53824109812177,248.75606899357115,245.56177255944445,247.54823303222656,88331100
2026-03-23,253.51758537106093,254.14646797882926,249.83415620831627,251.04200744628906,40546100
2026-03-24,249.90403139868116,254.37604644028636,249.10545347620703,251.1917266845703,45152300
2026-03-25,253.6473574345128,254.5457480998694,251.15181088451408,252.16998291015625,28476700
2026-03-26,251.67088153367666,256.5421934269488,250.32329549316128,252.43951416015625,41796700
2026-03-27,253.4477020992108,255.03488128462607,247.6281009352486,248.35679626464844,47900000
2026-03-30,249.62453299565456,250.4230956915925,245.07264337813007,246.19065856933594,39446200
2026-03-31,247.46837564153284,255.02488248828539,246.65982101631488,253.337890625,49598100
