Price,Open,High,Low,Close,Volume
Ticker,GOOG,GOOG,GOOG,GOOG,GOOG
Date,,,,,
2021-04-01,104.04331940826992,106.2745057999545,103.99074959455966,106.0171127319336,33980000
2021-04-05,106.77041605444195,110.95456236469845,106.7049516265337,110.37134552001953,43298000
2021-04-06,110.22009337439015,110.97192408147426,109.83822636512436,110.33168029785156,27060000
2021-04-07,110.40012949408244,111.83187174038626,110.36045430778752,111.56803894042969,25798000
2021-04-08,112.97052654542321,113.27031143690898,111.96478364930299,112.34962463378906,27166000
2021-04-09,111.91616252387524,113.51999934834049,111.76807867711402,113.36328125,20888000
2021-04-12,112.38978899596074,112.83959496595372,111.01185005334601,111.82145690917969,31318000
2021-04-13,112.15272925225808,112.93331558350526,111.88591497198078,112.44036865234375,23310000
2021-04-14,112.83166187326306,112.97200442011726,111.54373561170023,111.82392883300781,20220000
2021-04-15,112.92192266774994,114.3907142726727,112.37739718934712,113.89791107177734,27472000
2021-04-16,114.21232114476052,114.38291762213942,113.29237600820646,113.95245361328125,22596000
2021-04-19,113.66581026273037,114.97853447099182,113.4607448735673,114.18257141113281,24688000
2021-04-20,114.45484163451145,114.53964800990812,112.6605742245064,113.74765014648438,21774000
2021-04-21,113.33203942199546,113.83144121880044,112.00890275753072,113.73076629638672,23930000
2021-04-22,113.72780845319642,114.25012400889764,111.90378654945735,112.47261810302734,21096000
2021-04-23,113.24377936323923,115.3440367542514,112.98292050149439,114.82231903076172,28670000
2021-04-26,115.05192130092647,116.10974202004986,114.74990409842174,115.3896484375,20834000
2021-04-27,115.84889821446819,115.92080239703763,114.27531505843952,114.41665649414062,31972000
2021-04-28,119.3771711052767,121.62040445689436,117.77557397263499,118.0265121459961,59728000
2021-04-29,119.5351321374953,120.83396289883913,119.13590577459071,120.50516510009766,39554000
2021-04-30,119.24550968617736,120.36878739121467,119.12995750274901,119.52471160888672,39142000
2021-05-03,119.15771542861309,119.9998009208687,118.25413075595165,118.78328704833984,33788000
2021-05-04,117.52215084548284,117.99427268291278,114.64378162886055,116.75395965576172,35120000
2021-05-05,117.45669314913779,118.1400855752014,116.61312435657155,116.87744903564453,21806000
2021-05-06,116.57492737379029,118.16537033760999,116.16320746183399,118.0979232788086,20618000
2021-05-07,119.02282784634022,119.83664964026104,118.52689939698048,118.9578628540039,23272000
2021-05-10,117.77753911349363,117.9317751464906,115.78589501593035,116.12957000732422,26006000
2021-05-11,113.65986550827408,115.15459011455543,113.22047209344697,114.49798583984375,32110000
2021-05-12,112.16464481041318,113.33801028272839,110.59453503372144,111.0423583984375,34934000
2021-05-13,112.13388800910607,112.903123499799,111.22287218577542,112.17753601074219,26670000
2021-05-14,113.65837404280985,115.11194026946131,113.23633994336181,114.8649673461914,26624000
2021-05-17,114.52575834677255,115.2210464992058,113.81558537815492,115.12533569335938,19842000
2021-05-18,115.89381794414857,116.20347810765156,114.22025614360614,114.23365020751953,17302000
2021-05-19,112.298039808914,114.89471742853954,112.25439937646723,114.49549865722656,19350000
2021-05-20,115.45413149383423,117.05597832671963,115.10945757626834,116.84520721435547,23832000
2021-05-21,117.33618300109228,117.48545493230074,116.16480016304372,116.30018615722656,22832000
2021-05-24,117.38626145885,119.93930617980122,117.04456906057555,119.3536148071289,21244000
2021-05-25,120.014691969214,120.65394450537552,119.17111562831624,119.47264099121094,18838000
2021-05-26,119.65935075326648,121.15254672504285,119.64348219282084,120.68567657470703,21856000
2021-05-27,120.85479433431992,121.00654832712928,119.12201860202367,119.1473159790039,38962000
2021-05-28,120.11189265613478,120.41837457738201,119.40420175282276,119.59613037109375,24108000
2021-06-01,120.11387477129718,120.9059255749107,119.26485000715697,120.5011978149414,19166000
2021-06-02,120.7739583547532,121.10573007975975,119.23112108062708,120.07817077636719,17158000
2021-06-03,118.77586198480036,119.50611848597822,118.17132807497366,119.25145721435547,18346000
2021-06-04,120.13965939431226,121.693847531417,119.90409035155766,121.58975219726562,25948000
2021-06-07,121.56794139257822,122.3951497296109,121.05976150826854,122.30042266845703,23850000
2021-06-08,122.98530143873788,123.70910303235581,122.40704867314372,123.13159942626953,25060000
2021-06-09,123.95731913468177,124.23008130569276,123.35377654976504,123.55561828613281,20126000
2021-06-10,123.68505389033838,125.13564614405618,123.68455445066795,125.0533218383789,31234000
2021-06-11,125.21796799582111,125.32062554788763,123.89730575497585,124.67294311523438,25240000
2021-06-14,124.64616734325611,125.38212198056571,124.02873125542511,125.32310485839844,22550000
2021-06-15,125.49172262878523,125.82895034459014,124.6253310203583,125.00669860839844,22182000
2021-06-16,125.2194511802679,125.4932046524453,123.13898230295322,124.67294311523438,26316000
2021-06-17,124.50084766414678,126.1607201322086,124.49290960097349,125.3419418334961,25756000
2021-06-18,124.68186727822429,125.35980365948708,123.5883441205788,124.54499053955078,53306000
2021-06-21,124.71608843961218,126.00228182127941,124.11527007424792,125.4252700805664,26256000
2021-06-22,125.4203071266317,126.2336295153281,125.00025565170033,125.96533203125,20984000
2021-06-23,125.51949722565587,126.75534556965877,125.22391974461154,125.43171691894531,19694000
2021-06-24,126.01889712287814,126.49697442327286,125.92616025160636,126.24553680419922,18934000
2021-06-25,125.92316864864966,126.466702742352,125.41434560911654,125.96086120605469,33484000
2021-06-28,125.96583062244721,126.3000844114583,124.94798769055242,125.78680419921875,28110000
2021-06-29,125.74018278107881,125.96583114257567,124.41555523706536,124.99232482910156,20950000
2021-06-30,124.63033082331671,124.77559208189533,123.74157800834054,124.2955322265625,24006000
2021-07-01,123.83309173574956,125.4327138500479,123.83309173574956,125.3394775390625,17120000
2021-07-02,125.80663334062965,127.79878463846013,125.7367042208531,127.67082214355469,21160000
2021-07-06,128.39537924407173,128.82684972876316,127.36335523933255,128.71426391601562,21350000
2021-07-07,129.27965363749266,129.57610898222475,128.7033758060977,129.01829528808594,16680000
2021-07-08,127.20565348420647,128.97363970343406,126.99735686608915,128.12510681152344,19780000
2021-07-09,127.89448862405263,128.7921178574575,127.8934897447843,128.51934814453125,15106000
2021-07-12,128.7762579263329,129.70514009002906,128.5446692522982,129.5008087158203,16944000
2021-07-13,129.81572429663876,130.96678141867164,129.57320849460794,129.9278106689453,16618000
2021-07-14,130.82741689293775,131.9130019655369,130.8239359498506,131.00694274902344,17912000
2021-07-15,131.4210622246716,131.51528985740703,129.53455721457854,130.19760131835938,16586000
2021-07-16,130.56903281582123,131.1066114747316,129.7562023813027,130.77186584472656,14856000
2021-07-19,130.08749753595882,130.1782442144146,127.4903203339769,128.20147705078125,25710000
2021-07-20,128.94536891059235,130.92644940382326,128.136412826896,130.033935546875,19084000
2021-07-21,129.72199697558133,131.53733915599082,129.53800642236,131.52072143554688,14742000
2021-07-22,131.5698256615897,132.41737485803006,131.32186141033566,132.24281311035156,13608000
2021-07-23,134.15856990036633,137.67818202784161,133.6036318518267,136.69375610351562,26378000
2021-07-26,137.1242247377603,138.57530892782617,136.53010338725366,138.5073699951172,23052000
2021-07-27,138.87087276955617,138.87087276955617,133.99986819693672,135.6825408935547,42164000
2021-07-28,137.4336908265388,138.53861798836377,135.2397126324758,135.2709503173828,54688000
2021-07-29,135.27002460722946,136.03465151348794,135.02940065761138,135.42861938476562,19284000
2021-07-30,134.40752001908257,134.6657454552504,133.7163863437784,134.119873046875,23954000
2021-08-02,134.38123327688623,134.91286409552185,133.5728674817724,134.8821258544922,20140000
2021-08-03,134.89250839132637,135.22527134312116,133.09080291266332,135.17022705078125,19064000
2021-08-04,135.14000035372476,135.42614900508227,134.31229264003457,134.92080688476562,16528000
2021-08-05,134.92079835826755,135.83478799766283,134.49579037605994,135.8248748779297,11866000
2021-08-06,135.1851264654293,135.96378312229734,134.9386454392917,135.9200897216797,13560000
2021-08-09,135.83381572217277,137.19513689628667,135.31780374379176,136.87823486328125,12374000
2021-08-10,136.95512498835814,137.4232816409585,136.10907406560037,136.97198486328125,16034000
2021-08-11,137.156971302679,137.7171156627031,136.2315700194478,136.56829833984375,15204000
2021-08-12,136.5915836385015,137.29084455333413,135.66519875879882,137.2625732421875,14646000
2021-08-13,137.2308484909365,137.5447690416082,136.8812255692767,137.27896118164062,12580000
2021-08-16,136.87624877814685,137.85867683814615,135.0569414796942,137.7847900390625,18040000
2021-08-17,137.06568564592217,137.58890164180414,135.67362628734912,136.1824493408203,21272000
2021-08-18,135.99896080782642,137.16787674028544,135.3101275100995,135.45791625976562,14934000
2021-08-19,134.36434480088403,136.33268149429438,134.25375677558148,135.79856872558594,18296000
2021-08-20,135.96671424397312,137.48575243385287,135.35573304733424,137.3096923828125,15564000
2021-08-23,137.86662645038294,141.01924095558488,137.61811738115105,139.9505157470703,21090000
2021-08-24,140.3908736074021,141.842956316774,140.20241841018392,141.23890686035156,15126000
2021-08-25,141.71947870709334,142.14598502486044,141.27959346079618,141.7859344482422,12838000
2021-08-26,141.45716207037907,141.96925427284543,140.9344605572989,140.9656982421875,14922000
2021-08-27,140.95527752607134,143.8301735180381,140.86353196655597,143.37342834472656,24562000
2021-08-30,143.52615743266585,145.29662566034017,143.42251613380694,144.28492736816406,16916000
2021-08-31,144.69654118732765,144.92218195274148,143.8192376626954,144.27748107910156,26756000
2021-09-01,144.4639658109284,145.62493612300773,144.42876287850896,144.65440368652344,15824000
2021-09-02,144.76102448519748,145.13347029425447,142.93304489604233,143.04461669921875,21844000
2021-09-03,142.97219355696024,144.1931721234779,142.33642203390758,143.5960693359375,19104000
2021-09-07,143.57079549432757,144.63655439407123,143.36399719264622,144.3340301513672,15170000
2021-09-08,144.20954642746838,144.36576510705856,143.02576843274798,143.70370483398438,15486000
2021-09-09,143.70370497504186,144.48330005470353,143.2578718159754,143.73345947265625,14798000
2021-09-10,144.25915834350894,144.8299725630999,140.587307641636,140.76535034179688,32896000
2021-09-13,142.034895093399,143.01682367718973,141.12387180268868,142.29673767089844,20176000
2021-09-14,142.98709247582508,143.54897728686788,141.7418227927835,142.23825073242188,18916000
2021-09-15,142.58835166695877,144.39600532897148,141.0975848875826,144.0235595703125,20648000
2021-09-16,143.93925601173342,144.01760749437372,142.2484864087508,143.19784545898438,20292000
2021-09-17,142.62753141408447,143.074862885572,139.91281947770185,140.31155395507812,60040000
2021-09-20,137.86831612353083,138.22767055451078,135.93696767144976,137.88497924804688,34918000
2021-09-21,138.9760423730419,139.66498167339464,137.7744054663372,138.50936889648438,18130000
2021-09-22,138.9100782593565,140.43058466000636,138.33604040306435,139.7908477783203,22068000
2021-09-23,140.45637221706096,141.09409619762567,139.94754908711377,140.67161560058594,17272000
2021-09-24,139.79825286839474,141.73981686404917,139.70352581850815,141.4715118408203,14950000
2021-09-27,140.43255480708913,141.33961293634164,139.35589907056843,140.3487548828125,18844000
2021-09-28,137.95590188816678,138.46968913621683,134.59499048286386,135.07505798339844,42190000
2021-09-29,135.99318672727375,136.27963805269547,133.15677830273432,133.42556762695312,26338000
2021-09-30,133.2311949790208,134.48589353967319,131.91698741699955,132.18032836914062,35294000
2021-10-01,132.4669779271741,135.9548380683983,132.29141729053384,135.35128784179688,28388000
2021-10-04,134.5944921623193,134.59499160203083,130.09841480293528,132.67575073242188,31530000
2021-10-05,132.90882555160536,136.2434479889756,132.90882555160536,135.06809997558594,24126000
2021-10-06,133.52925239252662,136.72948055966467,133.3913767583277,136.23553466796875,19764000
2021-10-07,137.73222511826566,139.01315158395673,137.43466503459027,138.05209350585938,18250000
2021-10-08,138.76672435882065,139.17437302699003,138.29395179166733,138.91549682617188,18924000
2021-10-11,138.66160102504108,139.6174074854393,137.67619141303666,137.71685791015625,16584000
2021-10-12,138.50038532927778,138.55742738035477,135.14047382350796,135.59970092773438,22536000
2021-10-13,136.62828135902592,137.42176986750974,135.86108153694155,136.7770538330078,16380000
2021-10-14,138.81238002912136,140.4980497583249,138.20438022636418,140.260498046875,21426000
2021-10-15,141.0420352995517,141.0420352995517,139.91578382946057,140.5213165283203,21250000
2021-10-18,140.06358809523633,141.83429848171428,140.06358809523633,141.79635620117188,16564000
2021-10-19,142.12468120844287,142.9335313902498,141.93076238912747,142.65086364746094,15316000
2021-10-20,143.04808645130797,143.07313410727795,140.75639997720953,141.2552947998047,17940000
2021-10-21,141.0341348027057,141.68628200450257,140.48364628632237,141.6178436279297,14850000
2021-10-22,139.20811308570865,140.40578459355413,136.05351580156398,137.4961700439453,30182000
2021-10-25,137.68014502126277,138.07222026700586,135.6349397277596,137.6429443359375,21082000
2021-10-26,139.46105287005514,139.69264155917577,137.87357612253524,138.53465270996094,28258000
2021-10-27,138.76324772816182,147.90370430308616,138.76324772816182,145.23512268066406,51850000
2021-10-28,146.099527166437,146.22400872000406,143.5846819591395,144.93905639648438,32418000
2021-10-29,144.33501958542695,147.40283526184257,143.9843978098463,147.0631103515625,28954000
2021-11-01,146.95847604892887,147.19107872878655,142.41032103966134,142.60324096679688,32272000
2021-11-02,143.6302225426774,145.72413114903947,143.46319779164335,144.6752471923828,21150000
2021-11-03,145.083844631564,145.7141828133964,143.87229496333552,145.5946502685547,17886000
2021-11-04,146.00134913644004,148.72895591938303,145.44094750314585,147.47227478027344,24700000
2021-11-05,148.13731325659452,149.34465577806097,147.4415180716734,148.02572631835938,20408000
2021-11-08,148.77853267810255,149.80460874621548,147.90569377667316,148.13531494140625,18388000
2021-11-09,148.52661903853604,149.15396071489826,146.30585281140017,148.03317260742188,16876000
2021-11-10,146.8044974704789,147.48912333029622,144.14160617188625,145.43202209472656,22708000
2021-11-11,145.90909451878483,147.29298134956193,145.49996260902645,145.5530242919922,12464000
2021-11-12,146.62770170630782,148.6391875317847,145.2614163008683,148.4269256591797,17048000
2021-11-15,148.77854000677405,149.2516607281233,147.44200915675796,148.17152404785156,16248000
2021-11-16,147.95580399024269,148.61241585653417,147.14198969326844,147.86207580566406,17254000
2021-11-17,148.0138225427555,148.40759289424042,147.3532454603025,147.84817504882812,15290000
2021-11-18,147.93148985378133,150.37542980989116,147.7851994319004,149.4817657470703,26658000
2021-11-19,149.7704008237472,150.61348529279465,148.66695692984382,148.73143005371094,19766000
2021-11-22,148.9191477277878,149.5169921897112,145.80842535892515,145.88084411621094,24608000
2021-11-23,145.91506982990816,146.49133246851838,143.70966506842373,145.5619659423828,18126000
2021-11-24,145.15826596060003,145.80296690329703,144.01663767970612,145.52276611328125,16464000
2021-11-26,143.8346385835695,144.1138405113787,141.32524163851681,141.64312744140625,16992000
2021-11-29,143.1234719922153,145.66610447294767,143.1234719922153,144.9241943359375,26276000
2021-11-30,144.26583749124265,145.43448087383499,140.90913385773533,141.2919921875,41590000
2021-12-01,143.03815306823626,145.30618418230642,140.34774735733794,140.46478271484375,28476000
2021-12-02,140.6691280205665,143.49691018418346,139.83397403913443,142.60572814941406,21250000
2021-12-03,143.31886308472778,144.03051922813086,140.00060097130702,141.3599395751953,26688000
2021-12-06,142.40488788582726,143.17605310289463,139.50172038967924,142.6255645751953,22198000
2021-12-07,144.76152771712563,147.09239774660657,144.5160455284484,146.83103942871094,23258000
2021-12-08,147.12363582300034,147.94191483228482,146.00134936999788,147.5094757080078,18964000
2021-12-09,146.9694007591591,148.38676528874424,146.32768125355918,146.8999786376953,18580000
2021-12-10,147.88588245531653,148.18342744306258,146.1575637897196,147.46434020996094,21634000
2021-12-13,147.23520949333408,147.3527442966954,145.16818002659699,145.50987243652344,24104000
2021-12-14,143.59112549636131,144.25765041733064,141.0841957169762,143.7899932861328,24778000
2021-12-15,143.19040439571407,146.31598847419517,141.54343407521984,146.16845703125,27280000
2021-12-16,146.87119650221322,147.3418351644937,142.91914541677176,143.65907287597656,27400000
2021-12-17,141.55234116391588,143.28373183073552,140.63338740606082,141.64012145996094,43404000
2021-12-20,139.53402597011473,141.44921056775706,139.1079282715907,141.24191284179688,20264000
2021-12-21,141.98431840433483,143.5138146327481,140.58084745886237,143.04611206054688,19548000
2021-12-22,142.9265811152077,146.10348644321178,142.79068812751223,145.75238037109375,18438000
2021-12-23,145.89171279139472,147.3627440540408,145.75420041907458,145.9442901611328,13818000
2021-12-27,146.26270233941156,147.21785806594102,146.05093990614955,146.85830688476562,13256000
2021-12-28,147.16628891948054,147.16628891948054,144.7471541990109,145.25547790527344,18624000
2021-12-29,145.23712193420658,145.98522204933386,144.31965122655677,145.31150817871094,17022000
2021-12-30,145.25744917523272,145.86496459185528,144.57158226482935,144.8135986328125,12978000
2021-12-31,144.35880486955722,145.17311841237213,143.49936014962728,143.5013427734375,17298000
2022-01-03,143.29900616762555,144.36476493006603,142.33393746108644,143.89312744140625,25214000
2022-01-04,144.36529282489968,145.41615941283843,142.6450559272993,143.2405242919922,22928000
2022-01-05,143.0069357956071,143.1229874249124,136.40364651865383,136.5325927734375,49642000
2022-01-06,136.37784652077218,138.54853244579658,135.64982994740717,136.430908203125,29050000
2022-01-07,136.78201954340426,137.12891821233666,134.68325308402072,135.88885498046875,19408000
2022-01-10,133.99886340012452,137.51102875887284,132.05631569486317,137.44557189941406,34096000
2022-01-11,137.05527271953207,139.18677516420928,135.69941517136434,138.8773193359375,23502000
2022-01-12,140.40180805878276,141.6513001175149,139.9629065495199,140.49453735351562,23642000
2022-01-13,140.68547088929662,142.01951955835904,137.78280340253434,137.99803161621094,26566000
2022-01-14,136.38032870256765,140.0506957786099,136.38032870256765,138.64820861816406,23826000
2022-01-18,135.48769884241017,136.27274255187464,134.51270152500504,135.1807098388672,27382000
2022-01-19,135.8234013322,137.27250279107776,134.39660817793836,134.54736328125,20796000
2022-01-20,135.40237450285642,136.7889856298295,132.06030554878896,132.4193572998047,21930000
2022-01-21,131.92885877924056,133.66312510845987,128.94239131949547,129.0326385498047,41920000
2022-01-24,125.00124370343332,129.7135629282899,123.62698248152874,129.31036376953125,55148000
2022-01-25,127.38964494422089,128.28529165288128,125.34889653652355,125.70348358154297,36008000
2022-01-26,129.52905593596196,131.72601508162822,126.11806505451936,128.1875762939453,39630000
2022-01-27,130.29129920200455,131.53009110699497,127.89498784144216,128.06954956054688,30248000
2022-01-28,128.94141342771556,132.2844662032464,127.64654783315859,132.20413208007812,30518000
2022-01-31,133.10520586088276,134.7373140839279,131.19687724485914,134.59349060058594,34056000
2022-02-01,136.71260387887395,137.0746219650003,133.47245120083087,136.7557373046875,51204000
2022-02-02,150.62687209291454,150.8614574150167,144.3722220241944,146.83103942871094,89750000
2022-02-03,144.11185811197646,147.9034378536039,141.04702367566068,141.4888916015625,56930000
2022-02-04,141.85242417466804,143.35831072181173,138.67898394373157,141.8514404296875,49224000
2022-02-07,142.5387552495965,142.67513253913998,137.56955789500157,137.80661010742188,44610000
2022-02-08,137.85944114832554,138.69839386420134,135.75843463734276,138.07937622070312,34256000
2022-02-09,139.70281876014522,141.01778309372875,139.2339205040241,140.30116271972656,28628000
2022-02-10,138.36404470854862,140.27932023938678,136.92585515604796,137.47384643554688,33018000
2022-02-11,137.62013935404576,138.1490459350659,132.20311105371576,133.0377655029297,38808000
2022-02-14,132.2794707635883,135.0576716861555,132.2164959694325,134.19822692871094,26792000
2022-02-15,136.35207829880298,136.777086397382,134.43581875882788,135.31460571289062,26578000
2022-02-16,135.31955074771514,136.8227130266073,133.7257931264806,136.36795043945312,25610000
2022-02-17,135.0413199224027,135.72520421105324,131.1254705562513,131.23110961914062,30968000
2022-02-18,131.95416985801418,132.73426434994704,129.2459506924481,129.40509033203125,31858000
2022-02-22,128.92651574678425,130.82667171882133,126.70078566326686,128.3487548828125,38906000
2022-02-23,130.01112581555853,130.67615245174545,126.46523272864216,126.54606628417969,26432000
2022-02-24,123.98210328135261,131.95365913653217,123.7485244494443,131.59310913085938,43166000
2022-02-25,132.43817855189033,134.2865138310056,130.692016514313,133.42408752441406,26236000
2022-02-28,132.19916273433566,134.5359805809831,131.74365858784532,133.79258728027344,29676000
2022-03-01,133.38491055089548,135.00262587211068,132.29237873183197,133.07545471191406,24640000
2022-03-02,133.51210705790828,134.51115278442808,132.34593067198387,133.65419006347656,23966000
2022-03-03,134.87120827048045,135.6005263579496,132.34445231668943,133.2143096923828,19780000
2022-03-04,132.29637629089302,133.10622536869352,129.34657934623405,131.04612731933594,24446000
2022-03-07,130.82989672670035,130.82989672670035,125.38063176201001,125.43468475341797,39178000
2022-03-08,125.22244419631835,130.17776388859482,124.83586272889805,126.24207305908203,35250000
2022-03-09,130.32998698622853,133.10570607158778,129.02867428078508,132.77590942382812,32258000
2022-03-10,130.39199530856476,132.45109444397636,130.331003125256,131.60157775878906,24266000
2022-03-11,132.9083308252191,133.10719862645047,129.23548166214246,129.41302490234375,26600000
2022-03-14,129.5097272841901,129.95904135953748,125.38360657195217,125.70893096923828,30254000
2022-03-15,126.70128047575332,129.45441872559348,125.53733642173056,128.6046600341797,30292000
2022-03-16,129.93325546270913,132.68168709122355,128.14890887366607,132.6018524169922,32058000
2022-03-17,132.23536401949391,133.64231593502234,131.63826115143522,133.5044403076172,23994000
2022-03-18,132.7937918147315,135.7986180227632,131.84954802065823,135.68753051757812,45900000
2022-03-21,135.7331554873064,136.46217099331403,133.51535559038405,135.36715698242188,26632000
2022-03-22,135.38847217505585,140.34775687011285,135.38847217505585,139.1352081298828,29776000
2022-03-23,138.00549498986425,138.8847661442715,137.04140989412957,137.3756561279297,25302000
2022-03-24,138.13841836571103,140.24511572831952,136.91535097994054,140.1613006591797,20544000
2022-03-25,140.59968450899476,140.8035164346445,138.56191009577913,140.36907958984375,19270000
2022-03-28,139.538899963045,140.82038659067192,138.68953462782537,140.79409790039062,23774000
2022-03-29,141.99473204771886,142.9885715380389,141.3237273171414,142.08349609375,28678000
2022-03-30,141.706598848509,142.3121316383981,141.01031938008515,141.48294067382812,21046000
2022-03-31,141.28854820142152,141.4829513324409,138.4820904203821,138.51234436035156,29516000
2022-04-01,138.86989176784093,139.80223976027813,137.6667717811713,139.5542755126953,23480000
2022-04-04,139.67774769502145,142.8707865822871,139.67774769502145,142.47280883789062,19076000
2022-04-05,142.23178223388035,142.42072176241064,139.79577296652621,139.914306640625,19256000
2022-04-06,138.0282959949155,138.7096981886859,135.3072427150325,136.0589599609375,23574000
2022-04-07,135.505529039083,136.58021746310087,133.75912440552574,135.35377502441406,19448000
2022-04-08,135.14050066199738,135.14050066199738,132.66334051175537,132.9192352294922,16434000
2022-04-11,131.81779160611967,131.85667223170896,128.56201973456865,128.73956298828125,24188000
2022-04-12,131.34516460521115,131.34516460521115,126.53714185449935,127.32913970947266,23004000
2022-04-13,127.57908044689044,129.5918072061181,127.3927137751121,129.22506713867188,19542000
2022-04-14,129.58561557292344,129.64586615852866,126.07642381024351,126.21676635742188,23484000
2022-04-18,126.37249825073366,127.66389794317925,125.54771900664775,126.91900634765625,14918000
2022-04-19,127.03405185641705,129.8377850389629,126.41364942253973,129.46807861328125,22720000
2022-04-20,130.214942370312,130.84923076319245,126.85260093934815,127.20118713378906,22610000
2022-04-21,128.2967106194765,129.24640281206968,123.63497812040951,123.92013549804688,30158000
2022-04-22,123.98212761973016,124.43045044387756,118.17034431125882,118.63998413085938,46410000
2022-04-25,118.45697574326334,122.27414028157251,117.802104375038,122.24636840820312,34522000
2022-04-26,121.75044719095959,121.75044719095959,118.19151545930448,118.5328598022461,49394000
2022-04-27,113.44164353776294,116.54317878912842,112.20306351862845,114.08386993408203,62238000
2022-04-28,116.16132442812173,119.45776257111669,114.20627534183144,118.43912506103516,36790000
2022-04-29,116.62055716142329,117.99129962642645,113.76003910818974,114.03031921386719,33694000
2022-05-02,112.9789383113253,116.38398137287726,112.47606316050997,116.20296478271484,30280000
2022-05-03,115.81417367564214,118.32853462221489,115.67729693517478,117.16756439208984,21216000
2022-05-04,117.04258218518805,122.14022637136166,114.79602701553932,121.57685089111328,33232000
2022-05-05,119.24152426186082,120.2460335883234,114.24455499291986,115.79581451416016,43090000
2022-05-06,114.57832716933163,116.54170793928459,113.21353246822561,114.71818542480469,35310000
2022-05-09,112.38084962076847,114.62185040012059,111.63497436137567,112.16313934326172,34520000
2022-05-10,115.0955578228189,115.74076570692986,112.45999981161006,113.65142059326172,31158000
2022-05-11,112.78455627150393,115.72094391083114,112.72454783423782,113.03301239013672,36502000
2022-05-12,111.02648424294806,113.92121390285445,109.21684024988164,112.2395248413086,41464000
2022-05-13,113.91029704722257,117.12341936357679,113.07168489620166,115.56670379638672,29738000
2022-05-16,114.44441736111136,115.65794977879915,113.40395591809987,113.85773468017578,23282000
2022-05-17,116.27291555739357,116.27291555739357,114.39830646208861,115.7511978149414,21576000
2022-05-18,114.29911434356731,114.75352877063406,111.22881653921263,111.48571014404297,27982000
2022-05-19,110.93027294033266,112.66254917068989,109.56845230242658,109.84368896484375,29192000
2022-05-20,111.17278942210591,111.63350741841718,105.50680484480061,108.42286682128906,37586000
2022-05-23,109.207410454593,111.09343086482058,108.26539912882214,110.75718688964844,31558000
2022-05-24,105.51127707745385,105.52862882492161,101.37572681584699,105.0634536743164,60386000
2022-05-25,104.28580836253136,105.67708824035984,103.36263962251513,104.97763061523438,37900000
2022-05-26,105.18692532594514,108.0680264264359,104.62900578690723,107.41413879394531,30288000
2022-05-27,108.89447944194897,111.94890107701129,108.65792665599318,111.8804702758789,29924000
2022-05-31,112.15819270126262,115.48537660773222,111.65581692158895,113.1103744506836,51302000
2022-06-01,113.99562085533002,116.44302689492154,112.62586198255622,113.20758819580078,28630000
2022-06-02,113.25816752096698,116.93795598197202,112.38532854185391,116.78719329833984,27472000
2022-06-03,115.04795306756031,115.41692544096131,112.74238084887871,113.63108825683594,25052000
2022-06-06,115.79185518229401,118.42622536972688,115.57939657557185,116.05767059326172,23786000
2022-06-07,114.70627572491524,116.78981703456121,114.18803137404538,116.27489471435547,26414000
2022-06-08,115.92476529408066,117.679856795321,115.74647290294565,116.28331756591797,22544000
2022-06-09,115.3941320294997,117.38627599287791,113.93163632100746,113.98222351074219,23142000
2022-06-10,111.86287010806213,112.57279337655024,109.95825680135167,110.5201416015625,31324000
2022-06-13,106.57105374903755,108.32911916518806,105.72009181966114,106.00619506835938,36756000
2022-06-14,106.01958061990531,107.57431354514772,105.4859596241188,106.32110595703125,25480000
2022-06-15,108.01272872551193,111.1504738351524,107.2383398886219,109.49159240722656,33192000
2022-06-16,107.26883400950427,108.40054166869876,104.93103244483551,105.76766204833984,35314000
2022-06-17,105.66747353693702,108.35986182269632,104.76839894709194,106.98713684082031,43516000
2022-06-21,108.80869087645922,111.75549087327158,108.40351666025404,111.10285186767578,39010000
2022-06-22,110.25779446962706,112.8430682995551,109.82266143221469,111.12169647216797,23922000
2022-06-23,112.03023245116333,112.27473086459351,110.12487773066896,111.76689910888672,24710000
2022-06-24,112.67791224534238,117.67141575143225,112.67791224534238,117.5727310180664,39122000
2022-06-27,117.96650553179394,118.27894289682077,115.056149357734,115.67283630371094,32840000
2022-06-28,115.40354178922794,116.89678316085518,111.52835912511081,111.65482330322266,28232000
2022-06-29,111.23526209810963,112.73891600830355,110.6456054715017,111.3423843383789,18628000
2022-06-30,109.59968655092797,110.42323227381036,106.43616010018945,108.48186492919922,38046000
2022-07-01,107.45479660765851,108.91218421153235,106.23283426116491,108.19274139404297,31028000
2022-07-05,106.63901859430611,113.12387281295146,105.38431246015189,112.95962524414062,36398000
2022-07-06,113.16294105735224,115.40453221831592,111.33643722937644,114.27530670166016,28852000
2022-07-07,115.06333964649349,118.88595248556072,114.59319287240335,118.33448028564453,32184000
2022-07-08,116.59277965828258,119.45428131815726,116.55706972303881,119.18995666503906,29082000
2022-07-11,117.68381678628063,117.82714082758804,115.28798214540774,115.57363891601562,26718000
2022-07-12,115.88707800184775,116.8898469417386,113.6816810092821,113.91427612304688,24970000
2022-07-13,111.72176789322917,114.21926129610233,110.91241079632759,111.27344512939453,38958000
2022-07-14,109.92352562834641,111.07557397863144,108.43524845468356,110.53253173828125,32366000
2022-07-15,112.0431274683936,113.07218504692288,110.91191934531211,111.84872436523438,34330000
2022-07-18,112.51626103487672,113.86518716665238,108.40997364079351,109.01500701904297,33354000
2022-07-19,110.82016467444761,113.87507789711995,109.60017746895143,113.68663024902344,30992300
2022-07-20,113.13119576992867,115.3827151741302,112.3377147890446,113.76598358154297,26780100
2022-07-21,114.15281401569979,114.27183957524308,110.9987161441176,114.10322570800781,27267800
2022-07-22,110.89951079621036,112.25835739045873,106.72379441024194,107.47760772705078,44455300
2022-07-25,107.99337684235987,109.67953811731982,106.13860927735185,107.3288345336914,28289900
2022-07-26,106.55519119890721,106.86266442829675,103.90693498942647,104.5813980102539,36626600
2022-07-27,108.70751442751512,113.46843056132589,107.53712298604391,112.67494201660156,41474600
2022-07-28,111.88146597450744,113.76598810864026,110.94018865227083,113.6568832397461,23303800
2022-07-29,112.4765788011698,115.94807810017339,112.30796493707679,115.69019317626953,31336200
2022-08-01,114.58923064043884,116.16628710414152,113.75607444623206,114.53964233398438,22856200
2022-08-02,113.49819160037568,116.12661404312112,113.32957773426354,114.95622253417969,17911000
2022-08-03,115.392633655064,118.44755486991079,115.20418598075639,117.8127670288086,25302800
2022-08-04,117.33668041443364,118.5269057295808,116.75148087794422,117.90203857421875,15757700
2022-08-05,115.97782036036999,117.89210436024122,115.75961064526543,117.25731658935547,15615700
2022-08-08,118.15000164832587,119.87583060846961,116.87050528514878,117.177978515625,17061100
2022-08-09,117.02919778233998,117.23748683086795,115.61084206089615,116.5431900024414,15424300
2022-08-10,118.61616800018744,120.78833712357054,118.38804514131537,119.66754150390625,20497000
2022-08-11,121.0858825931962,121.3437599183717,118.57648604539125,118.84428405761719,16671600
2022-08-12,120.17338805467618,121.65125274658203,119.4195746766714,121.65125274658203,16121100
2022-08-15,121.21483693221062,122.2562897564527,120.5800490896927,121.87937927246094,15525000
2022-08-16,121.32395014055957,122.22455346762167,120.54534631639963,121.51240539550781,15626200
2022-08-17,119.94525855091146,121.15532521328127,119.22119966420453,119.34022521972656,17589200
2022-08-18,119.25095685998227,120.69906700700759,118.57649387409552,119.87582397460938,15652000
2022-08-19,118.89390718433148,119.02284587648093,116.71181713623476,117.15815734863281,20187000
2022-08-22,115.1545918070635,115.55133610542846,113.73623604831472,114.13298034667969,19316000
2022-08-23,113.38908610105244,114.98597639424027,113.36925229167139,113.83541870117188,14390700
2022-08-24,113.51801935615401,114.77470792262488,112.85347704825587,113.76598358154297,16051200
2022-08-25,114.21233116631161,116.82091226308526,114.11314698314965,116.74156188964844,14874700
2022-08-26,114.86694595921252,115.6505138236855,110.31432638912133,110.3936767578125,31698700
2022-08-29,109.87790198484319,111.04829338494149,108.91579961773687,109.44148254394531,20386100
2022-08-30,110.125882021257,110.46311733783511,107.91404513844272,109.01500701904297,20548200
2022-08-31,110.72098562451353,110.85984498839505,108.1620005135057,108.26118469238281,25898000
2022-09-01,108.31076744185049,110.31432256181775,107.30899744913424,109.6497802734375,22784400
2022-09-02,110.43334897483652,110.7656277116629,107.24948907934417,107.79501342773438,20618100
2022-09-06,107.25444715812793,107.99337569977428,105.6426797082842,106.60478210449219,20565100
2022-09-07,106.88250082557386,110.08619434980795,106.73867733853064,109.58035278320312,22987200
2022-09-08,108.29094813679193,109.67954945760722,107.180065566686,108.52899169921875,21660700
2022-09-09,109.15385798705108,111.08797597034187,109.10426211372862,110.86976623535156,21732900
2022-09-12,111.0780481320513,111.72275660740382,110.02668227724915,110.95903015136719,19732900
2022-09-13,108.00329544309781,108.47939007679386,104.14497277151546,104.45244598388672,33015000
2022-09-14,104.58139004022993,105.23601163473067,103.64904216762717,105.00788879394531,22115800
2022-09-15,104.1548862302427,105.34511138097318,102.4687251048964,103.05392456054688,26494900
2022-09-16,102.13150358089614,103.18286944637009,101.02558528463246,102.78612518310547,64540100
2022-09-19,101.70501849608593,103.17296263007799,101.53640462089075,103.00434875488281,19738600
2022-09-20,102.04223869790327,102.32987811698256,100.29657594160315,101.00079345703125,24001700
2022-09-21,101.4074544809267,102.64727569326729,99.17577629871363,99.19561767578125,26596800
2022-09-22,98.64017035159613,100.85201467298953,98.60050273291219,99.75105285644531,21272700
2022-09-23,99.24520170574833,99.29479757901129,97.21189954552025,98.3624496459961,25657000
2022-09-26,97.80701036831965,99.62211032731125,97.57887994973014,98.00537872314453,22437900
2022-09-27,99.09643141881057,99.64194820046546,96.54735179499637,97.29124450683594,24225000
2022-09-28,97.22181790703492,100.57429934445324,97.00361572781222,99.91967010498047,24617000
2022-09-29,98.49139807446628,98.49139807446628,95.73402939940917,97.29124450683594,21921500
2022-09-30,96.9341782611772,98.68381377394618,95.24801698917143,95.3670425415039,26277800
2022-10-03,96.42833732668669,99.15594403640475,96.22996138925532,98.49140167236328,24840000
2022-10-04,100.21721090839682,101.88353061726866,100.21721090839682,101.57605743408203,22580900
2022-10-05,99.87007909014793,101.9033813048837,98.92781044376673,101.38761901855469,18475500
2022-10-06,100.67349097266649,102.88533553250166,100.67349097266649,101.40746307373047,17156200
2022-10-07,99.83040071230965,100.59412721264844,98.40212432311033,98.75919342041016,24249900
2022-10-10,99.03690517088091,99.17576452479655,97.07303284134994,97.90618896484375,16529900
2022-10-11,97.44994765247311,99.30472291725073,96.45809067891105,97.25157928466797,21617700
2022-10-12,97.4697801710103,98.83656499520912,96.87466750821109,97.49954223632812,17343400
2022-10-13,95.14883795283106,99.71137843031508,94.49420873053832,98.89805603027344,32812200
2022-10-14,99.80560343226973,100.4651891978073,96.23987656347946,96.38865661621094,22624800
2022-10-17,98.70959353736923,100.94127152119836,98.69968041698479,99.95933532714844,23311600
2022-10-18,103.09360729127508,103.37132600896648,99.8303972238661,100.56436920166016,21610500
2022-10-19,99.87998502349403,100.83117541041747,98.82366258955689,99.47332763671875,21573700
2022-10-20,99.99902708572034,102.16127574892226,99.15595010998396,99.71138763427734,25125100
2022-10-21,97.65823609739208,100.79250774651265,97.43011323257129,100.65364837646484,28988700
2022-10-24,101.25866894421362,102.26044654842686,99.48325172338241,102.13150787353516,24680800
2022-10-25,102.45882221941861,104.2441601238452,102.18109592705792,104.07554626464844,29910200
2022-10-26,95.97207932972404,97.73758346657777,93.79991021646778,94.0478744506836,71504300
2022-10-27,93.54203719414691,94.3950348737462,91.15166560719085,91.84596252441406,54036500
2022-10-28,91.77651749373473,96.07125967506295,91.57120238954192,95.79354095458984,35696900
2022-10-31,95.00005027193171,95.56540838796242,93.61144913354848,93.88917541503906,29868700
2022-11-01,94.81160213270107,95.38192441879748,89.6936242102963,89.76305389404297,43220600
2022-11-02,90.16972741175452,90.55655105314446,86.30148343058639,86.36099243164062,43553600
2022-11-03,85.6418898181274,85.84522230963809,82.77045970150287,82.81013488769531,48510400
2022-11-04,84.81369102625821,86.02375773189955,83.19695933349198,85.9939956665039,40173300
2022-11-07,86.62877815782308,88.21575525427718,86.25187525941242,87.92811584472656,26899900
2022-11-08,88.4339688749962,89.66882592883985,86.93626276876225,88.18600463867188,30172000
2022-11-09,87.8239585339631,88.76126290720954,86.64861064756735,86.68828582763672,26743900
2022-11-10,91.58806767909711,93.78007821091765,90.90369152524163,93.40316772460938,42371200
2022-11-11,93.93876659100802,96.56718890345387,93.39324983346454,95.94232177734375,30569100
2022-11-14,94.72233341415847,96.38865329942284,94.3384837668815,95.24801635742188,24170100
2022-11-15,97.86651893500489,99.60226851759849,96.22995352939168,97.9161148071289,31831000
2022-11-16,97.22181176343973,99.03691173934995,97.10477640049176,98.18391418457031,24660200
2022-11-17,96.38865566411798,98.66992960408622,96.30930529447593,97.69790649414062,21818700
2022-11-18,98.20375465514049,98.35253470490798,95.9522352345859,97.00360870361328,24969900
2022-11-21,96.76556036314352,97.9161180424823,94.89095135738283,95.04965209960938,18696900
2022-11-22,95.376974177167,96.75366463077079,93.64122440123587,96.53744506835938,18868900
2022-11-23,96.54733790355796,98.26226219627966,96.54733790355796,98.01528930664062,17568900
2022-11-25,97.66318326239717,98.1343213303783,96.73579950866726,96.80522918701172,8567800
2022-11-28,96.40849338390852,97.03336811110425,95.109163189198,95.46623229980469,19974500
2022-11-29,95.21827166399457,95.60509528724808,93.6213812942482,94.66283416748047,20220000
2022-11-30,94.3454372688225,100.62388610839844,93.8990970940517,100.62388610839844,39888100
2022-12-01,100.57430205435124,101.75460674730367,99.85024310941925,100.45527648925781,21771500
2022-12-02,98.56081632198674,100.32632027580115,98.36244041482006,100.00892639160156,18821500
2022-12-05,99.00221025686118,100.92145115709425,98.54595693857208,99.0567626953125,19955500
2022-12-06,98.8583841086063,99.39398778982353,95.97208421052646,96.5176010131836,20877600
2022-12-07,95.98197863953366,96.51758221644242,94.25119337680646,94.37517547607422,26647900
2022-12-08,94.91079598983637,95.08933054733217,93.03618691976473,93.1849594116211,25593200
2022-12-09,93.13536154800094,93.72055346864532,92.26252265989761,92.31211853027344,21885300
2022-12-12,92.33195228161792,93.1105635558916,91.15164775352206,92.79812622070312,27380900
2022-12-13,97.27140439104662,98.98732013137302,94.60330694937058,95.0694808959961,34788500
2022-12-14,94.76201256597301,96.42833252101114,93.17504298195284,94.53388214111328,26452900
2022-12-15,92.77829307976091,93.26430083011705,89.69361759033042,90.45734405517578,28298800
2022-12-16,90.45735255409642,91.00287691400314,89.2770479066217,90.12012481689453,48485500
2022-12-19,90.1399576782424,90.4573516023209,88.20088307519791,88.4240493774414,23020500
2022-12-20,88.00748117494419,89.04892655836977,87.3230973749296,88.900146484375,21976800
2022-12-21,88.99931348016656,90.17466135986066,88.18599121154924,89.51507568359375,20336400
2022-12-22,88.20582488885913,88.45378908706606,86.23203198996669,87.5412826538086,23656100
2022-12-23,86.90651264268462,89.36631375308329,86.90651264268462,89.07867431640625,17815000
2022-12-27,88.58274923981743,88.77120449770723,86.8222090591806,87.2139892578125,15470900
2022-12-28,86.78748306307045,87.79917382175061,85.6666874345867,85.75595092773438,17879600
2022-12-29,86.321306393741,88.63729139002962,86.28163120893464,88.22566986083984,18280700
2022-12-30,86.65357901245979,88.10665335729826,86.32130784728768,88.0074691772461,19190300
2023-01-03,89.09851259315354,90.80450777626928,88.29510330926834,88.96956634521484,20738500
2023-01-04,90.26889120295222,90.49701403361966,87.08503172249533,87.98761749267578,27046500
2023-01-05,87.35283245898758,87.49169181257787,85.8551264969583,86.06341552734375,23136100
2023-01-06,86.64861960541153,87.74958137253782,84.87319484191296,87.44210815429688,26612600
2023-01-09,88.46868448080888,90.09037278856741,87.85869454692971,88.076904296875,22996700
2023-01-10,86.01382966137756,88.74639263574804,85.99398828614999,88.5133056640625,22855600
2023-01-11,89.32663066125163,91.69716806461813,89.00923675356604,91.50872039794922,25998800
2023-01-12,91.64757543083653,91.8657851509264,89.83247555983512,91.16156768798828,22754200
2023-01-13,90.78268161035555,92.22286133358061,90.18955158578547,92.04432678222656,18630700
2023-01-17,92.02447704165563,92.21293226408606,90.10027233720609,91.40953063964844,22935800
2023-01-18,92.18318863062608,92.82590697899548,90.65572799840913,91.03263092041016,19641600
2023-01-19,90.64579547084661,93.63128666058024,90.63587478366996,93.14527893066406,28707700
2023-01-20,95.1686721296383,98.61041698597923,95.12900451049899,98.4715576171875,53704800
2023-01-23,98.32277708991757,100.57429661234589,97.94587417175161,100.3858413696289,31791800
2023-01-24,98.73935012421863,100.26680297813121,97.89626576771575,98.40211486816406,27391400
2023-01-25,96.40848816632058,96.92425799473612,94.48627353994317,95.94232177734375,31000900
2023-01-26,97.47969253938147,98.40211973653325,96.03158240883727,98.35253143310547,24542100
2023-01-27,98.24342931219036,100.75282606711927,98.16407894377129,99.88990783691406,29020400
2023-01-30,97.94092158764786,98.59950851724987,96.72589071629608,97.15238952636719,24365100
2023-01-31,97.06312797868117,99.09643788393788,96.99369829040388,99.0567626953125,22306800
2023-02-01,98.92780153095374,101.35785538895985,97.6185507727088,100.60404205322266,26392600
2023-02-02,105.92040501563147,107.93387342129658,105.67244077715512,107.9140396118164,46622600
2023-02-03,102.66711521746552,107.14038462242667,102.45882616562355,104.36318969726562,36823400
2023-02-06,101.84882248471992,103.8474135157614,101.37769197469905,102.62743377685547,25573000
2023-02-07,102.78613216833612,107.78509206375233,102.70479917263987,107.16022491455078,33738800
2023-02-08,101.85378153071738,102.73653351475252,97.65326719929232,99.18568420410156,73546000
2023-02-09,99.72129805540905,99.79072773879665,93.09569336695934,94.68266296386719,97798600
2023-02-10,94.96037866081743,96.22995429774579,93.76023270505647,94.0875473022461,49325300
2023-02-13,94.23632297021105,94.57355067240822,93.28414128679464,94.22640228271484,43116600
2023-02-14,93.88917937160056,94.39998507834407,91.89554485010326,94.17681121826172,42513100
2023-02-15,93.96852039899731,96.5473468203798,93.59161750196837,96.3093032836914,36964500
2023-02-16,94.76200986675613,97.08295139841282,94.19665173207558,95.00005340576172,35642100
2023-02-17,94.29582726766284,94.97029020575734,92.68901650027883,93.81973266601562,31095100
2023-02-21,92.4807348582739,92.65431284196981,91.2508344261477,91.30043029785156,28367200
2023-02-22,91.18537126851463,91.60790479415158,90.1300401173903,91.0524673461914,29891100
2023-02-23,91.37977317666504,91.37977317666504,89.27704139853027,90.32840728759766,32423700
2023-02-24,88.90012470674083,89.39605312039114,88.13639827931684,88.62240600585938,31295600
2023-02-27,89.35638943124523,89.71345854037706,88.88030233058149,89.3663101196289,22724300
2023-02-28,88.81086863634268,90.70531139961003,88.79102726047122,89.56468200683594,30546900
2023-03-01,89.42583129766466,90.4573559247594,89.11835048004696,89.77297973632812,26323900
2023-03-02,89.12826499287765,91.7269328928702,89.03899393353963,91.55831146240234,23328600
2023-03-03,91.98481121944391,93.34365796213613,91.90546841474416,93.25438690185547,30242500
2023-03-06,93.59162245753785,95.51582736309481,93.53211346203172,94.80168914794922,28288200
2023-03-07,94.64298891953284,95.30753126386749,93.07982592872385,93.40316772460938,24101500
2023-03-08,93.63624953716368,95.45630604260192,93.63624953716368,93.87925720214844,25395200
2023-03-09,93.72056433198651,95.13892012229154,91.60295511884166,91.90547180175781,24438900
2023-03-10,91.74677041726441,92.42123346464422,90.060616582449,90.26890563964844,32850100
2023-03-13,89.8275127098875,92.32203193418906,89.20760221543351,90.9135971069336,31508600
2023-03-14,92.31212197549749,94.05779224958775,92.0244825645708,93.48251342773438,32303900
2023-03-15,92.77829494073998,96.45808311606747,92.28236649284247,95.76378631591797,38367300
2023-03-16,95.7836226127284,101.13965150262663,95.08932579454083,100.24697875976562,54499500
2023-03-17,100.01884524054411,102.64726751473746,99.92958175265645,101.62565612792969,76140300
2023-03-20,100.23704978193092,101.74467641569446,99.96925176485388,101.09996795654297,26033900
2023-03-21,101.14956600467218,105.09715207340372,101.03054045714737,104.9781265258789,33122800
2023-03-22,104.28382912222976,106.63453259263619,103.36140194445179,103.37132263183594,32336900
2023-03-23,105.02772458506806,106.22886181574545,104.5516375195797,105.39471435546875,31385800
2023-03-24,104.87894855668945,105.29553421403311,103.88709163711762,105.19634246826172,25236200
2023-03-27,104.46237054837249,104.5417209181446,101.79427301111039,102.22077178955078,25393400
2023-03-28,102.16125925052792,102.16125925052792,99.46340731004243,100.53461456298828,24913500
2023-03-29,101.88354331322778,101.98272749107336,100.20730270874684,101.07022094726562,26148300
2023-03-30,100.61395962628458,100.7825734718598,99.47332275414156,100.49493408203125,25009800
2023-03-31,100.88176118202402,103.3415695453788,100.61396315714005,103.15311431884766,28108000
2023-04-03,101.83393749297359,104.09536982292178,101.54629810823218,104.05570220947266,20719900
2023-04-04,103.98626604168948,105.23600776171857,103.74822252220152,104.26399230957031,20377200
2023-04-05,105.25585334539218,105.672431412973,103.25428086242408,104.09537506103516,21864200
2023-04-06,104.90870469095539,108.73727306564132,103.96148706910338,108.01322174072266,34684200
2023-04-10,106.51551339682287,107.09079222312894,104.74008861256165,106.07909393310547,19741500
2023-04-11,106.04934037290381,106.34690047666011,104.42269562484304,105.255859375,18721300
2023-04-12,106.51551746690073,106.71091189406192,104.11522545927261,104.36318969726562,22761600
2023-04-13,105.60301057420666,107.3833919815749,105.57325607649858,107.30900573730469,21650700
2023-04-14,106.81306600680705,108.68767483754957,106.7138742685423,108.56864929199219,20758700
2023-04-17,104.5714771425814,105.84105281083836,104.4623722741592,105.55341339111328,29043400
2023-04-18,106.1286804188822,106.17827628710624,103.92675705363425,104.26399230957031,17641400
2023-04-19,103.36635748820845,104.86406344326598,102.95474355665363,104.16480255126953,16732000
2023-04-20,103.79782989170296,106.01760468587534,103.78790920350549,105.03765106201172,22515300
2023-04-21,105.22610389700347,105.77162826561226,104.62603465880206,105.04757690429688,22379000
2023-04-24,105.18643297537486,106.4460879770787,104.50204925574025,105.91048431396484,21410900
2023-04-25,105.74187749185337,106.56512063447538,103.7085675742484,103.75816345214844,31408100
2023-04-26,104.70041091125259,106.14852106291767,102.42905772455164,103.59944915771484,37068200
2023-04-27,104.37311095784474,108.26118841474734,103.56970167660043,107.48754119873047,38235200
2023-04-28,106.92217467319523,107.40818242547984,105.17650444584952,107.33875274658203,23957900
2023-05-01,106.8428293184697,107.79501105970502,106.62461958390723,106.8329086303711,20926300
2023-05-02,106.78332439706239,106.85275408186502,103.649052757931,105.11700439453125,20343100
2023-05-03,105.3550435538295,107.24948634145672,104.7599309135847,105.255859375,17116300
2023-05-04,105.29554015146174,105.43439952265041,103.84742230803445,104.353271484375,19780600
2023-05-05,104.46238132119556,105.5732639107631,103.88611111974369,105.35009002685547,20710600
2023-05-08,104.93349188766692,107.53711607569569,104.9285353277154,107.35858154296875,17266000
2023-05-09,107.89419900054743,109.69442180618361,106.84778960406253,107.06104278564453,24782400
2023-05-10,107.66607011883025,112.58567946203348,107.59664043813602,111.36569213867188,47533500
2023-05-11,114.91656493047675,117.47555808063434,113.99413751901386,115.9480972290039,57115100
2023-05-12,116.04726362107684,117.29700550198503,115.60093101867221,116.95977020263672,31293800
2023-05-15,115.54141725710052,117.8276478942537,115.53150413575287,116.0075912475586,22107900
2023-05-16,115.87864303040284,120.21305282491309,115.87864303040284,119.11209106445312,32370100
2023-05-17,119.20135910234103,121.28425701873667,118.48722094420141,120.49077606201172,26659600
2023-05-18,120.57012906138286,122.89107827169957,120.50069937720451,122.51416778564453,27014500
2023-05-19,123.18862947855999,125.44907078912962,121.72068543838711,122.24636840820312,30268900
2023-05-22,122.50424134359574,126.01541549153221,122.44472478700887,124.84502410888672,29760200
2023-05-23,123.91267828141416,124.3986860257793,122.04799010192431,122.2860336303711,24477900
2023-05-24,120.88752628397845,121.75044458283506,119.76673061814529,120.64948272705078,23087900
2023-05-25,124.19039987166614,124.95413391207053,121.89921288498796,123.33740234375,33812700
2023-05-26,123.05471742808761,124.97395793194565,122.28602688767187,124.40859985351562,25154700
2023-05-30,125.26161120613881,125.35087469655855,121.88929616815103,123.62504577636719,27230700
2023-05-31,122.69269398471667,123.88292679034758,122.09758136553498,122.36538696289062,41548800
2023-06-01,122.49432816456229,124.02178871128564,122.29595980982634,123.35724639892578,25017700
2023-06-02,123.47627125315313,125.71291354864132,123.33741188366047,124.21025085449219,19367500
2023-06-05,123.59529866901661,126.94777253139092,123.36716823441391,125.59884643554688,22672500
2023-06-06,125.56907818750243,127.83051820686784,124.94421108382294,126.86841583251953,19450100
2023-06-07,126.53614770625686,128.49507124153706,121.63141537813829,121.93889617919922,34179300
2023-06-08,121.5867746163174,122.7224549805559,121.01645993774228,121.67108154296875,24815000
2023-06-09,121.56197266207838,123.27293177577478,121.42311330897651,121.86945343017578,20304500
2023-06-12,122.39017720083757,123.73414661187083,121.3536885704134,123.33740234375,22255700
2023-06-13,124.62683002204159,124.83511907805062,122.83652788522431,123.41676330566406,19287700
2023-06-14,122.79188573861151,123.77382193871512,121.16524104797357,123.36715698242188,24659600
2023-06-15,122.87124315123107,125.13268348090429,122.13727108579248,124.76569366455078,24517100
2023-06-16,125.66826819260055,125.66826819260055,122.78196850288548,123.04976654052734,56699200
2023-06-20,122.52903905042066,124.15568367178261,121.82977815814601,122.84146881103516,22698000
2023-06-21,122.23149133311279,122.40506932555212,119.8758310866052,120.27257537841797,22612000
2023-06-22,119.67746066220543,122.92578605023584,118.62608717192732,122.86132049560547,20781900
2023-06-23,121.04621114608474,122.43481225256686,120.86767661000466,122.01822662353516,29573100
2023-06-26,120.47689058618045,121.72067692823597,118.02104745435722,118.12023162841797,23185000
2023-06-27,116.88041521319391,118.91868147589368,115.95799554696391,118.0408935546875,27221700
2023-06-28,116.99945841058275,120.2825028722777,116.64238926201104,120.09405517578125,19753100
2023-06-29,119.11209579446742,119.92542574644521,118.23926441513198,119.03275299072266,18517500
2023-06-30,120.11387062024154,121.03629785178722,119.89566088867431,119.98493194580078,23871800
2023-07-03,119.34022641234101,120.03452324165495,118.73023651463892,119.5782699584961,13888300
2023-07-05,119.08233676594601,122.3653882444427,119.08233676594601,121.63140869140625,17830300
2023-07-06,119.65761206477609,120.16346118677558,118.27893162231665,119.94525146484375,17732500
2023-07-07,119.9055978023142,120.75859546808628,119.11210913783407,119.16170501708984,20997700
2023-07-10,118.10040187547624,118.10040187547624,115.69018928343519,115.91831970214844,32960100
2023-07-11,115.8092114637576,117.26227816112247,114.8867842623792,116.75147247314453,18286600
2023-07-12,118.3285411266498,119.97501978383772,118.03098100477249,118.64593505859375,22059600
2023-07-13,120.55029674864345,124.31439212449324,120.07420207460352,123.81350708007812,31535900
2023-07-14,124.11104874111913,126.05508731895816,123.88292589625853,124.67640686035156,20499800
2023-07-17,125.03347522201759,126.24354182009691,123.48618091877775,124.04161834716797,20675300
2023-07-18,123.88788954206431,123.97219647366224,122.29596339537592,123.06961059570312,21045800
2023-07-19,123.77382401088315,124.44828700858076,121.47271629531501,121.78018951416016,22313800
2023-07-20,121.12556922958473,123.68455432012396,117.71853557953592,118.55665588378906,27541700
2023-07-21,119.88573671371165,120.31223544955765,118.10039140848026,119.33029174804688,56514600
2023-07-24,120.93315046146047,122.3455507334714,120.39159137170374,120.88751983642578,22276100
2023-07-25,120.88751433008065,122.68278043634336,120.54036593404118,121.79010772705078,31820800
2023-07-26,129.29846856933932,130.3002386091207,127.66191070676408,128.6041717529297,46216900
2023-07-27,130.7267459620652,132.51209145697905,128.12807052270455,128.8124542236328,35931600
2023-07-28,129.9035135051533,132.97827628274152,129.8539176278625,131.92689514160156,26971000
2023-07-31,131.92687027583293,132.7402001334015,131.05404656508048,132.02606201171875,18381900
2023-08-01,129.78940369146378,131.83759018981945,129.68526297607357,130.81597900390625,22154300
2023-08-02,128.78270118973313,129.35798002988213,126.80890800206919,127.59247589111328,22705800
2023-08-03,127.32463801515064,128.71324645710283,126.73448964313003,127.72138977050781,15018100
2023-08-04,128.54465952413224,130.85567276890367,127.2701197829753,127.49327850341797,20521900
2023-08-07,128.4553804714778,130.98461856977522,128.3760301040743,130.8656005859375,17621000
2023-08-08,129.9134208628997,130.86561020721203,129.0703515245079,130.76641845703125,16836000
2023-08-09,131.11354515492962,131.39126383194485,128.45041222401377,129.09014892578125,17745200
2023-08-10,130.89535135020824,131.56684038331719,128.9761107428649,129.14968872070312,17855700
2023-08-11,128.14989605221768,129.3778214802072,127.70158083260685,129.11001586914062,15205500
2023-08-14,128.79264279984437,130.83586588233703,128.53475028313616,130.7565155029297,17526200
2023-08-15,130.51845660285377,130.9152084762959,128.76188176252623,129.20921325683594,14769200
2023-08-16,128.22728393382317,129.83210495895352,127.41396898649836,128.0586700439453,17548400
2023-08-17,129.38770053130597,131.41208037297332,128.7925956056247,129.3976287841797,23665600
2023-08-18,128.0090564312339,128.77279052568863,125.96583352162155,127.0667953491211,23627200
2023-08-21,126.8089194848804,128.20743395903372,126.12454328147287,127.88011932373047,21851100
2023-08-22,128.07848893786127,129.88366066251717,127.87515645309287,128.63392639160156,15557900
2023-08-23,129.78447659699856,132.9782569071045,129.44723376128118,132.12525939941406,26497000
2023-08-24,133.62990551149932,133.87092297758596,129.23895321003698,129.35797119140625,18680400
2023-08-25,129.08023869221702,130.3299727667217,126.99733343350937,129.62576293945312,20678100
2023-08-28,131.00447439796662,132.15503215044708,129.78449452543367,130.71682739257812,16715500
2023-08-29,131.9149916151378,136.17699801988198,131.89713286269614,134.38670349121094,30803300
2023-08-30,134.46606093121147,136.13237342882272,133.92152029847713,135.81497192382812,21773400
2023-08-31,135.93399202524841,137.272989767933,135.70586917448622,136.23155212402344,28147900
2023-09-01,137.30275170958143,137.45153933430458,134.83303756526013,135.68603515625,16671600
2023-09-05,135.32896562419486,136.2513853295566,134.45612665905048,135.59677124023438,17730200
2023-09-06,135.89926314421172,136.36047293850865,133.59319903819292,134.2676544189453,15814300
2023-09-07,133.5039347663628,135.46780704318692,132.86914700342297,135.0908966064453,16976000
2023-09-08,134.7635921785487,136.39520101694376,134.7635921785487,136.082763671875,17810700
2023-09-11,136.26129336985767,137.1380974533762,135.43805040160086,136.6183624267578,17180800
2023-09-12,136.0133409858467,136.51918255435288,134.8231006030683,134.96197509765625,15212900
2023-09-13,134.79334820533003,136.57869367275558,133.83124579051002,136.3803253173828,16394900
2023-09-14,137.26307986175553,138.4136375322107,135.94390832943745,137.8582000732422,19064600
2023-09-15,137.66975663222377,138.22519413878845,136.06293797733363,137.173828125,48958800
2023-09-18,136.5092890163525,138.79054809668014,136.5092890163525,137.82846069335938,16233600
2023-09-19,137.1242145977249,138.041685244906,136.38032193263777,137.69949340820312,15479100
2023-09-20,137.6994815831411,137.70939470272504,133.42458118974355,133.49400329589844,21473500
2023-09-21,131.31194042269806,132.1054290060858,130.02252336650994,130.2903289794922,22058400
2023-09-22,130.60771987455942,131.92689147423243,129.44724902399062,130.1812286376953,17348700
2023-09-25,129.7051259310455,131.1433153523713,128.9711464055839,131.09371948242188,14650000
2023-09-26,129.84794158871784,130.33494061016665,127.14612465450688,128.39585876464844,20378800
2023-09-27,128.38595598842693,130.64738844679684,128.3264469976069,130.38951110839844,18764200
2023-09-28,129.6257804432311,133.08735133173835,129.6257804432311,132.04591369628906,18201400
2023-09-29,132.9881732913641,133.79157494870879,130.25065373031276,130.77633666992188,23237300
2023-10-02,131.07885724734416,134.2577606665927,130.9895937519326,134.06930541992188,19210400
2023-10-03,133.83123971614634,134.13872805773343,131.73347212985374,132.2145233154297,19628700
2023-10-04,132.5715923300576,135.45789944214923,132.3434543540329,135.16033935546875,22848000
2023-10-05,135.02148875938627,135.38847098053117,133.36012537429312,134.88262939453125,15922900
2023-10-06,133.8411949168809,138.05262219878347,133.8411949168809,137.60032653808594,20826700
2023-10-09,136.8663305533953,138.83020285538674,135.5868267567618,138.36402893066406,16599100
2023-10-10,138.37395577275697,139.59395070160656,137.3027484651147,138.0664825439453,19554900
2023-10-11,138.71117091647162,141.06186654338538,138.70124266298683,140.5460968017578,20146300
2023-10-12,141.00236550456518,141.2205752100655,138.31442693292055,139.1475830078125,18173100
2023-10-13,139.50468959126405,140.18907338495575,136.84651993206813,137.45155334472656,19438700
2023-10-16,138.59217204852814,139.7576070308944,138.18552218759444,139.3459930419922,17345600
2023-10-17,138.8897447545975,140.0998115947095,137.40097539978123,139.84193420410156,17424000
2023-10-18,139.6038591053275,140.83376711355135,137.57551355471935,138.1458282470703,18304900
2023-10-19,138.66158116869616,139.85677040730695,137.4713560570467,137.84825134277344,21831200
2023-10-20,137.4614367051682,137.9077692591247,135.1355311896841,135.6265106201172,24970300
2023-10-23,135.12065470636014,137.88794379869896,134.00977987520346,136.7770538330078,20780700
2023-10-24,138.02681446685682,139.5641957403404,137.62014949192542,138.97898864746094,26535200
2023-10-25,128.7132741003263,129.0405886933425,125.06323283979562,125.63851165771484,58796100
2023-10-26,123.45643351150734,124.43836975515116,121.32393959469071,122.43482208251953,33907400
2023-10-27,123.02000871734221,123.42667367407248,120.4709368156047,122.3951416015625,37367700
2023-10-30,123.44650924123711,125.51949410351868,122.8712304213439,124.72600555419922,24165600
2023-10-31,125.24178091417426,125.5294203542073,122.91588258982405,124.2796859741211,21123400
2023-11-01,124.31934466897951,126.69980282774219,123.90773069992387,126.53118896484375,26536600
2023-11-02,128.5049667980394,129.03064970032366,127.06677744019494,127.53295135498047,24091700
2023-11-03,128.03881960568782,129.66546451979104,127.95946922761728,129.3083953857422,19529400
2023-11-06,129.15961308612904,130.48869776525947,128.87196609563105,130.3795928955078,15360400
2023-11-07,130.90529074677445,132.1947079537076,130.07213444735467,131.32186889648438,19223800
2023-11-08,131.28218527108788,132.452569196489,131.08381690986312,132.1748504638672,15093600
2023-11-09,132.27404456793445,132.86916479674537,130.43910314121416,130.61764526367188,17976500
2023-11-10,130.45894118303912,133.17663462781513,129.80431197498905,132.9683380126953,20872900
2023-11-13,132.27405431325926,133.01794708681135,131.68886229702053,132.55177307128906,16409900
2023-11-14,134.54538869399815,136.12245274065404,133.999879481234,134.32717895507812,22317300
2023-11-15,135.52733231323387,135.7257006752591,134.22800213725242,135.2694549560547,15840900
2023-11-16,135.84472015754707,137.7490834839032,134.97188129085012,137.57054138183594,17615100
2023-11-17,136.697713719532,136.87624068193216,134.3767572665926,135.8248748779297,25565300
2023-11-20,134.39659857999885,137.29778279396464,134.38668546027017,136.79689025878906,19569400
2023-11-21,136.8167402657895,137.83338751261618,136.58365329391975,137.49119567871094,17648100
2023-11-22,137.96729999233057,139.9510137800878,137.86810824912865,138.8798065185547,17306400
2023-11-24,138.40371045111507,138.53960344801953,136.3505744596838,137.09446716308594,8828600
2023-11-27,136.44975523094647,138.4929779370703,136.4199856014322,136.92584228515625,17886400
2023-11-28,136.5092670549262,137.53087842919743,135.92405999426214,137.49119567871094,17046900
2023-11-29,137.8532173400451,138.53263682349683,135.1851201383906,135.2892608642578,21014700
2023-11-30,135.28928406952625,135.84473668333632,131.70867981791855,132.82948303222656,29913500
2023-12-01,132.23434448242188,132.4128714265113,131.07584143145442,132.23434448242188,24268000
2023-12-04,130.22487867768857,130.37959904612927,128.34628917821982,129.5662841796875,24117100
2023-12-05,129.30838023327894,132.4525648150174,128.6735924176367,131.3119354248047,19235100
2023-12-06,131.81775659172175,132.22442149326977,130.24070798468384,130.35972595214844,16360600
2023-12-07,135.48767491306685,138.8599827254413,135.1206775243787,137.32260131835938,38419400
2023-12-08,134.55532809987568,136.86635679210355,134.46606459961203,135.52734375,23016100
2023-12-11,132.7303102914479,133.692397652505,131.80787541644483,133.60313415527344,24502900
2023-12-12,132.18479081272193,133.4444383457367,131.74837129737875,132.55177307128906,26584000
2023-12-13,133.44938880441018,133.68247578829568,131.86737579060906,132.8790740966797,25414500
2023-12-14,133.67256384460728,133.93540532793875,129.99276794343083,132.11534118652344,29619100
2023-12-15,131.8376155507843,133.73206583647953,131.54998371286558,132.7501220703125,58594000
2023-12-18,132.76997517740352,137.2531729386471,132.68071168201047,136.07286071777344,25699800
2023-12-19,136.87627210894576,137.6400062707024,136.33074770769105,136.9754638671875,20661000
2023-12-20,139.18729322164205,141.91291731982514,138.27478660699433,138.5227508544922,33507300
2023-12-21,139.62372836242906,140.87346286140735,139.32914970922758,140.6453399658203,18101500
2023-12-22,140.97260842736927,142.08348317352875,140.89820706153657,141.55780029296875,18513500
2023-12-26,141.8156832689278,142.77283659830934,141.33959623506868,141.65699768066406,11170100
2023-12-27,141.66691897334897,142.1529342895056,139.90239869510083,140.28823852539062,17288400
2023-12-28,140.69489751854726,141.1114755713858,139.68121668937306,140.12953186035156,12192500
2023-12-29,139.53441493692478,140.2832717046427,138.7607678016741,139.78237915039062,14881000
2024-01-02,138.46322095695825,139.46995504446147,136.6183666286553,138.4235382080078,20071900
2024-01-03,137.47137824574764,139.94109234577684,137.3027492471784,139.217041015625,18974300
2024-01-04,138.71119783007381,139.48979401852648,136.88616957510365,136.91592407226562,18253300
2024-01-05,137.22538155990568,137.67964460388802,135.7356136860292,136.27120971679688,15439500
2024-01-08,136.87623887404837,139.49474022973578,136.75722090068695,139.38563537597656,17645300
2024-01-09,138.91946678324925,141.63715997708417,138.65166119840495,141.39910888671875,19579700
2024-01-10,141.35943754875132,143.34810017186774,141.29992856136104,142.62901306152344,16641900
2024-01-11,143.71512241602125,145.46574939326712,141.05693782003317,142.50009155273438,17471100
2024-01-12,143.16463682510243,143.56138870881026,142.19262119545778,143.06546020507812,13998700
2024-01-16,142.26203743113484,144.65241635253088,141.89108994811312,142.90675354003906,19198900
2024-01-17,141.74628180656052,142.24221028663283,139.36581602149167,141.7264404296875,17884500
2024-01-18,142.27194506978137,144.39948219214492,142.18268158802644,143.809326171875,18876800
2024-01-19,145.11362536870993,146.83449780088304,144.61274789504768,146.76507568359375,27181000
2024-01-22,147.49904377293632,148.79340974105023,146.37824065176983,146.50718688964844,21829200
2024-01-23,146.51712502124857,147.64784145583428,145.99144199413212,147.46929931640625,14113600
2024-01-24,149.06617777292234,150.33576862179467,148.61984516209955,149.12570190429688,19245000
2024-01-25,150.5043936811302,153.4997910646293,149.98862377929075,152.388916015625,21495100
2024-01-26,151.62518253823944,152.85509072987176,151.5557604146313,152.53768920898438,19494500
2024-01-29,152.38889158324972,153.93618590615435,151.6747534135191,153.57911682128906,20909300
2024-01-30,152.75588514490505,153.77749660417098,151.53094119245023,151.8037109375,26578900
2024-01-31,144.20610332655437,144.40447171987086,140.39737569054014,140.6453399658203,43908600
2024-02-01,142.5199281751336,143.44234787799212,141.10156486062297,141.54791259765625,25526900
2024-02-02,139.74273964747388,142.7083976855592,137.04488725147584,142.37115478515625,42136100
2024-02-05,142.86708000163335,145.47566883467402,142.73814887916484,143.7498321533203,29254400
2024-02-06,144.7714459761024,145.54509318043398,143.34316955747917,144.22592163085938,21517700
2024-02-07,144.9301429346034,145.80298195534712,144.02756454855654,145.48558044433594,21436100
2024-02-08,145.7732149654386,146.40800279853437,145.22769062421511,146.02117919921875,18241300
2024-02-09,146.74523039944975,149.4678879755258,146.22946055595543,148.9967498779297,21877700
2024-02-12,148.3222614619385,149.36371414463767,147.35024602086847,147.51885986328125,17236100
2024-02-13,144.8805556010702,146.83449991802306,143.92836624588574,145.1781005859375,18138500
2024-02-14,146.1699105128772,146.62617123370998,144.36968826118994,145.94178771972656,16651800
2024-02-15,143.28363780781663,143.58118273566396,140.72464548659548,142.7678680419922,26724300
2024-02-16,143.0357137683653,143.30350427860913,140.36761584636312,140.60565185546875,21865100
2024-02-20,139.79230380858374,142.1618421436967,139.6534444579967,141.0420379638672,18625600
2024-02-21,141.4784758494705,142.8075605405799,140.75442450797598,142.668701171875,16440800
2024-02-22,144.9301311588268,145.00948153013226,142.8373124110695,144.13665771484375,23024700
2024-02-23,143.7895014672815,144.76648115628487,143.61095934853918,144.1068878173828,14519400
2024-02-26,142.28187220403674,142.66869579761013,137.61023458430694,137.62014770507812,33513000
2024-02-27,138.2747533827125,139.34596049066093,137.37216010640418,138.95913696289062,22364000
2024-02-28,137.96729686194465,138.1458238342153,135.52732229916919,136.31088256835938,30628700
2024-02-29,137.22342117235138,138.81038328201362,136.44977392780197,138.6417694091797,35485000
2024-03-01,138.47315213538778,138.8599757481619,136.8514714384762,136.9556121826172,28551500
2024-03-04,135.4281345075743,135.51741313084796,131.77810837905238,133.10719299316406,43571500
2024-03-05,131.65908829232052,132.92866389367293,130.47877617828152,132.69061279296875,28447600
2024-03-06,133.14687246536687,133.6428009033024,130.87551174428256,131.4805450439453,23175200
2024-03-07,132.7997351447616,134.71402705384082,131.57975525387363,134.1387481689453,24107300
2024-03-08,133.9354358487907,137.853268621899,133.7023488097373,135.18020629882812,26495200
2024-03-11,135.95382627561727,138.84011821921717,135.95382627561727,137.80859375,22536400
2024-03-12,137.12422356345303,139.13769196450795,137.0845559445835,138.48306274414062,19019700
2024-03-13,138.919462748016,141.03212260185597,138.86986688048037,139.62368774414062,19637000
2024-03-14,141.14124557696232,143.55145067638114,140.332879749405,143.1646270751953,36117900
2024-03-15,142.24219123951534,143.16461082435478,139.98075888396835,141.0122833251953,41039500
2024-03-18,148.15367190450777,151.68468032332012,146.93369205970157,147.2709197998047,47676700
2024-03-19,147.76685061041493,148.40163848068642,145.8128911230328,146.71548461914062,17748400
2024-03-20,147.57838381474437,148.54048623365105,146.46254478468063,148.4611358642578,17730000
2024-03-21,149.09592897429127,150.07289344250427,146.8047269375101,147.52879333496094,19843900
2024-03-22,149.01659398464594,151.31769424437311,148.8678063610567,150.5341339111328,19252900
2024-03-25,149.7207905896594,150.22266689376974,147.58830438593358,149.91915893554688,15114700
2024-03-26,150.00844545599276,151.95247653642397,149.8001488443931,150.46469116210938,19312700
2024-03-27,150.90606073656383,151.44662088954064,148.90746984143402,150.70272827148438,16622000
2024-03-28,150.76223376413574,151.42677600471518,150.0976915235563,151.02011108398438,21105600
2024-04-01,150.593646201924,155.72154494215505,150.4151040766174,155.22561645507812,24469800
2024-04-02,153.48986358033247,154.71977165131545,152.21037476929487,154.60073852539062,17598100
2024-04-03,153.6584748966614,155.27520654736762,152.8768971996479,155.09666442871094,17266200
2024-04-04,153.81715809369857,154.90819151946067,150.64321928356532,150.70272827148438,24184800
2024-04-05,150.4448409583504,153.5791122619497,149.85071966901273,152.6864471435547,16297300
2024-04-08,152.76084948673906,155.37935126257503,152.73605911648897,154.86854553222656,16641500
2024-04-09,156.068688855777,158.58799871591413,155.36446379944525,156.8522491455078,21521500
2024-04-10,156.59436939279885,156.87208810903078,154.92804196087224,156.37615966796875,16339200
2024-04-11,157.0505906405842,159.80795113298305,156.64392574991646,159.4806365966797,17841700
2024-04-12,158.10695288327784,160.38326272389352,157.30851531835964,157.89370727539062,16989800
2024-04-15,158.97482331999745,159.52034764395916,154.87844946451767,155.05699157714844,21140900
2024-04-16,154.37262142971844,155.94967041266872,153.78742943748455,154.7296905517578,15413200
2024-04-17,155.90999703795904,157.3888530928576,154.86358008141502,155.60252380371094,16237800
2024-04-18,155.64714833202905,157.1944426871546,154.93797427501906,156.17779541015625,14016100
2024-04-19,156.46544918574392,156.7035003254901,152.6567217570297,154.4519805908203,21479900
2024-04-22,154.73959818531318,157.8887470460589,154.39245733159595,156.66380310058594,17243900
2024-04-23,157.29861085877081,159.17322013666129,156.67870018308562,158.61778259277344,16115400
2024-04-24,157.79452005672,160.07579409050834,157.52672957451733,159.7881622314453,19485700
2024-04-25,152.11118330694745,156.99111771205838,151.5240087112432,156.66380310058594,36197800
2024-04-26,174.5568932994531,174.98338448237888,170.00425883433292,172.27561950683594,56500800
2024-04-29,169.37941561736457,169.9844489623467,165.6996196730562,166.53277587890625,35914600
2024-04-30,166.01700971068274,168.48672366014262,163.16045704818612,163.29931640625,29420800
2024-05-01,164.82680479787314,167.4353938010183,163.55722892691793,164.22178649902344,25223200
2024-05-02,165.31279392523527,167.15764843401243,164.34077836434196,167.08822631835938,17041100
2024-05-03,168.15941606035406,168.4669044194832,163.63655091315763,167.61390686035156,22767100
2024-05-06,167.84201871322168,168.51647411205172,166.52284727600275,168.44705200195312,15147900
2024-05-07,168.73469964779423,172.05742648719723,168.61568165673512,171.5714111328125,21102400
2024-05-08,169.35957037897887,170.5091291678721,169.13343014748114,169.7662353515625,14569900
2024-05-09,169.75629397712532,171.03579779012114,168.5462274082688,170.18280029296875,11937700
2024-05-10,168.30819999368546,169.9447578269246,166.54269592023326,168.90330505371094,18740500
2024-05-13,164.49651437603575,169.55795769523596,164.41021724418133,169.50836181640625,19648600
2024-05-14,170.19274051100905,171.37305277302988,169.03226962683493,170.52996826171875,18729500
2024-05-15,170.8969451087997,172.628729417453,170.6291395109319,172.46408081054688,20958200
2024-05-16,173.17823685877386,174.90405833876795,172.632712486261,174.00146484375,17247300
2024-05-17,174.12049205523587,176.0496459691569,173.55512632443157,175.8463134765625,16546400
2024-05-20,175.86614563814317,178.4846472654476,175.78184627644572,177.0067901611328,17495100
2024-05-21,176.94728653088424,178.3557368194017,175.86616601004914,178.0780029296875,14706000
2024-05-22,176.94724324942575,177.39557353129578,175.34044011113536,176.55050659179688,16189400
2024-05-23,177.3241691995632,178.4449723006055,173.11869064149997,173.63446044921875,14928400
2024-05-24,175.082574484736,175.8601868609367,173.7733161850013,174.8941192626953,11403600
2024-05-28,174.30895602656926,177.05638904174003,174.24943189308095,176.5703887939453,15655300
2024-05-29,175.3702218603177,176.77865688869701,174.82469752039086,175.95541381835938,15023800
2024-05-30,175.2511997081057,175.2511997081057,171.8193681430775,172.1466827392578,18826300
2024-05-31,171.987973957489,172.9996721952252,169.57776904543667,172.54342651367188,28085200
2024-06-03,172.4640834958897,174.42795593025005,171.04572025168727,172.9996795654297,20742800
2024-06-04,173.02943263838765,173.76341219053094,171.80945289286282,173.7039031982422,14066600
2024-06-05,175.0974504936674,176.5207626343878,173.86257843912057,175.6280975341797,15233900
2024-06-06,175.98513776364283,177.25472834094492,175.76694320008752,176.8976593017578,14255800
2024-06-07,177.00679780127567,177.95897199710214,174.35852642870182,174.51722717285156,14716300
2024-06-10,175.21232220153198,177.21815754047344,173.1568496994323,175.3910675048828,17099800
2024-06-11,176.4734048014969,177.1387033456811,174.20939881026297,176.9401092529297,14402400
2024-06-12,178.4891610206767,180.80281927937818,176.53297818288527,178.3004913330078,18600400
2024-06-13,176.59256504517768,177.2578636150496,175.42084924647273,175.5002899169922,15956900
2024-06-14,174.61850754333386,177.47631086891917,174.61850754333386,177.11883544921875,12361600
2024-06-17,175.73857818202532,178.65795811974345,175.25202496024366,177.5259552001953,15272900
2024-06-18,177.53587805979714,177.65504662781194,174.3881157156766,175.21229553222656,15640300
2024-06-20,175.4705152452599,177.48627506766343,175.22226881243424,176.4635009765625,16753200
2024-06-21,177.2380013862429,181.2317773833446,176.81100970851344,178.99557495117188,58903200
2024-06-24,180.00841895917077,180.802810428054,178.96578110324634,179.5218505859375,18198300
2024-06-25,179.8743857032529,184.4470802745661,179.8346577931755,184.2782745361328,18797000
2024-06-26,182.90794135215523,184.6258021681959,182.6994228647164,184.06973266601562,13375700
2024-06-27,184.3428120466694,186.1847960531296,184.14917258593053,185.54928588867188,13025700
2024-06-28,184.41727738599292,185.27124556426605,182.03907275347092,182.13340759277344,23032400
2024-07-01,183.18598329821762,184.03995153918066,181.44825845977311,183.1959228515625,11815900
2024-07-02,182.1830815201751,185.63866739853052,181.77595376031977,185.30105590820312,12555500
2024-07-03,184.9931957408207,186.30392867982405,184.08460555250906,186.07554626464844,7409100
2024-07-05,186.00607274144073,190.91140895382554,186.00607274144073,190.613525390625,14303400
2024-07-08,190.0226923225331,190.3344851907359,187.99203861520456,189.14389038085938,12097600
2024-07-09,190.40498040731126,191.50719498079806,188.895638119348,189.1041717529297,10198500
2024-07-10,189.41200287957565,191.95404358699406,189.2829099032315,191.30860900878906,12052900
2024-07-11,189.9978612150273,191.06036308069565,185.5095772088098,185.9862060546875,16452000
2024-07-12,185.60885074012398,187.366439345061,184.83432325017003,185.46983337402344,14449100
2024-07-15,185.18187696993823,188.56794611237132,185.18187696993823,186.8699493408203,12186000
2024-07-16,187.63455873782272,189.00486851220003,183.82148265880798,184.19882202148438,12760100
2024-07-17,183.3845984852218,183.93074367047382,180.34606455678687,181.33905029296875,17376600
2024-07-18,182.2525651568964,182.75899749557104,176.95996539346044,177.96287536621094,17877200
2024-07-19,179.10482032181307,180.6936034533854,177.60541741581386,178.13169860839844,14485900
2024-07-22,181.07091827410838,183.00723703600346,180.6240626621845,182.06390380859375,16303900
2024-07-23,182.55047115624222,183.92079614848342,182.04405394908085,182.31216430664062,23772600
2024-07-24,174.1597459293085,176.70178667242885,172.35251999389808,173.1468963623047,31250700
2024-07-25,173.02774283402505,173.97107613476282,167.86422068367688,167.97344970703125,28967900
2024-07-26,167.58619113625218,168.64867789487005,164.70156905677484,167.49681091308594,25150100
2024-07-29,169.30402550080356,170.95238504532668,168.5294980332336,169.9296112060547,13768900
2024-07-30,170.6247221413713,171.73686119528168,168.9267100520719,170.65451049804688,13681400
2024-07-31,173.69304412524224,174.6761053509935,170.51549314793866,171.93545532226562,15650200
2024-08-01,170.77365202091585,174.44769555513358,169.3139620385275,171.2403564453125,17177800
2024-08-02,167.01024677241284,169.0160818822765,165.22286970182924,167.21876525878906,18907800
2024-08-05,156.26614679534285,164.77604108342666,155.50155875458165,159.51321411132812,34907800
2024-08-06,159.81605244623586,161.21119580813385,157.0207959465683,159.41387939453125,36146500
2024-08-07,162.09497614257026,163.6340917139249,159.11601931787158,159.6224365234375,19334200
2024-08-08,161.20524154603572,164.3391097841213,160.893448687081,162.6907501220703,15733600
2024-08-09,160.51114775353005,164.35896662268948,159.80115159524053,164.22987365722656,13549200
2024-08-12,164.83064154800385,165.53069822153924,162.40279960951622,162.79998779296875,12435000
2024-08-13,164.0263285779783,165.37181986176296,163.61424620902872,164.76609802246094,12717600
2024-08-14,163.05819518773504,163.80293449344555,158.41101404118638,160.8934783935547,22515900
2024-08-15,161.0722091785966,162.37301795763494,160.3572582974558,162.0254669189453,18392500
2024-08-16,162.26376956175176,165.77893168131783,161.93608251769578,163.58444213867188,16853100
2024-08-19,165.82859151042263,167.28828152208612,164.92497099810572,167.21876525878906,13100800
2024-08-20,167.55638328051333,169.21466729239157,167.47694262014258,167.77484130859375,12622500
2024-08-21,165.8186828909601,167.45710318973877,165.4016307267575,166.45419311523438,15269600
2024-08-22,167.85429547531126,168.2316348885571,163.87242828684379,164.32920837402344,19123800
2024-08-23,165.38173726658061,166.7719108992478,164.49798078186583,166.25555419921875,14281600
2024-08-26,166.97547247183093,168.19188574767927,165.15335259779977,166.75204467773438,11990300
2024-08-27,166.43431972550306,167.06486013711225,164.99449361246715,165.21295166015625,13718200
2024-08-28,165.61013631546433,166.2158581344609,162.13468673310064,163.34613037109375,15208700
2024-08-29,164.89519061621647,166.4541853217569,160.84579232457168,162.25384521484375,17133800
2024-08-30,163.0680867364007,164.1206489854585,162.26377087256432,163.95184326171875,18498800
2024-09-03,162.16946671293348,162.23401320958294,156.7477579672562,157.49746704101562,26533100
2024-09-04,156.96620455763988,159.27489317772043,156.33566412064957,156.70306396484375,17410700
2024-09-05,156.673247686023,159.88555631709994,156.41507691607964,157.4875030517578,14139500
2024-09-06,157.5768636023039,158.10314467905596,150.86924203398948,151.06288146972656,24999100
2024-09-09,152.7532077804208,153.75743804701148,147.35418998496183,148.68653869628906,28057700
2024-09-10,150.5856383998695,151.4307933310078,148.68952437572722,149.1538543701172,20401800
2024-09-11,150.22768361267248,151.60974988834388,147.85132461574966,151.28163146972656,18991500
2024-09-12,153.9264532786272,154.72189048753583,152.62393224524448,154.65228271484375,20980800
2024-09-13,155.4695901738949,158.36595914201126,155.21902951310665,157.46612548828125,16733900
2024-09-16,157.42637422238033,158.331184273528,156.71048222275837,158.08261108398438,14157600
2024-09-17,159.17631633259208,160.66775539787224,158.5002045720824,159.365234375,12064800
2024-09-18,159.93199211952324,160.70753923727383,158.748781340167,159.8922119140625,16756500
2024-09-19,163.87933393275532,164.04836187510787,161.59444512796404,162.308349609375,17548200
2024-09-20,163.58105288018464,163.80973597215976,162.24868902069008,163.7003631591797,46362700
2024-09-23,164.39636164933788,165.65911770531974,162.02000255471572,162.1393280029297,15648400
2024-09-24,163.31258914908378,163.6108800174868,161.10525796328682,162.70606994628906,18774100
2024-09-25,162.03989383208318,163.27977096813476,161.84599945964533,162.05978393554688,13607900
2024-09-26,164.08813732299026,164.5554561463264,162.56687057356115,162.89498901367188,18234500
2024-09-27,162.97452030019005,166.01705353848837,162.89497506348715,164.3466339111328,13604300
2024-09-30,163.8395601282559,166.4048372751277,163.70035974842736,166.23580932617188,14070100
2024-10-01,167.89627725572925,169.4672616483176,164.95316398962757,167.4587860107422,18629500
2024-10-02,166.8025465016102,167.9161646998601,165.30116990891239,166.35511779785156,12745000
2024-10-03,164.87362526152447,166.95169339438607,164.42618140247245,166.2556915283203,11004300
2024-10-04,168.3735237842382,168.58233192878077,166.00711745240406,167.5979766845703,11422100
2024-10-07,168.1746727214758,168.9303297388488,163.1932715770751,163.4517822265625,14034700
2024-10-08,164.48583969227658,165.15202917511107,163.37223668521554,164.75430297851562,11723900
2024-10-09,163.91411757612815,165.31109759537247,160.20043376272457,162.12936401367188,19666400
2024-10-10,161.18480236416306,163.3732447672956,160.71748354617083,162.24868774414062,12900500
2024-10-11,162.3978286869609,164.32675895451615,161.57256392446547,163.58103942871094,10946000
2024-10-14,163.96883539405545,166.66336048622304,163.83957247029744,165.40061950683594,9981800
2024-10-15,166.18609972557047,168.1249676715351,165.10232420342928,165.9474639892578,14829300
2024-10-16,165.08243653193458,166.3253025632668,164.2730867845292,165.78839111328125,9968500
2024-10-17,166.42472113523215,166.97156999652051,163.43189032363557,163.5710906982422,15113400
2024-10-18,163.92903638834542,165.42047547286617,163.8097261165287,164.10801696777344,13091300
2024-10-21,163.64072125869097,165.2713609475966,163.36728161826682,164.853759765625,11384000
2024-10-22,163.7600090248769,166.51420412543723,163.7301814568173,165.867919921875,11958600
2024-10-23,165.48012750479322,166.64346331999678,162.69909372365552,163.541259765625,12754300
2024-10-24,163.65065856223302,164.10803995443422,161.84105344216147,163.59100341796875,12764400
2024-10-25,164.42121590937262,166.4445900001456,164.28697668652435,166.0369415283203,14566400
2024-10-28,169.6164006849851,169.6323158021724,164.84379233517612,167.37924194335938,20858300
2024-10-29,168.41829542779465,170.87917639509112,167.6974421867794,170.1632843017578,28916100
2024-10-30,181.36892367602275,182.74103719923082,174.7419547498932,175.13470458984375,49698300
2024-10-31,173.72283511957977,177.4017153581993,171.57515908118327,171.7044219970703,32801900
2024-11-01,170.56097674172983,172.82797823724772,169.33800087086522,171.66464233398438,21752900
2024-11-04,170.26270354983382,170.93881536750848,168.51771484097313,169.7058868408203,16194000
2024-11-05,169.85504053418381,171.11480781025065,169.3976591714699,170.43173217773438,12518300
2024-11-06,174.34923723809248,177.6204536623285,174.04099374585778,177.31222534179688,27061500
2024-11-07,178.08776380214627,181.5379606402899,177.8690181972373,181.2396697998047,16730400
2024-11-08,180.96129742973477,181.30930599347386,178.5451731036132,178.83351135253906,15021500
2024-11-11,179.0423224147733,181.04582191892692,178.96277716544327,180.9314727783203,12503400
2024-11-12,180.34481243539634,182.97470566906634,179.9570388943078,182.27374267578125,14065800
2024-11-13,181.11042969912262,181.57278738735616,179.09201650380794,179.4599151611328,13969700
2024-11-14,178.72411071419046,179.4151514149462,175.02534070013834,176.3378143310547,17925800
2024-11-15,174.63756466988778,174.8762003734816,171.75908313032738,172.89755249023438,21708900
2024-11-18,173.95646822214076,175.90031212679514,173.42451802596216,175.7909393310547,18662800
2024-11-19,174.23489613879943,179.14172858706556,174.11657202073613,178.5550994873047,15392900
2024-11-20,177.80938661597386,178.08778739151617,174.32936174999057,176.3179473876953,15729800
2024-11-21,174.45363462855056,174.57792122112983,164.3665305267413,168.27410888671875,38839400
2024-11-22,166.20596802924658,167.30465719256492,164.76424667759363,165.6193389892578,24497000
2024-11-25,167.03122875600374,169.4871328302474,166.4445845584255,168.46299743652344,21395700
2024-11-26,168.52268447937684,170.51623113606954,168.46301416985565,169.64622497558594,14937500
2024-11-27,169.70587722529407,170.16325856028536,168.7016470218108,169.8450927734375,12433400
2024-11-29,169.0894292437366,169.8948039752295,167.7869081178205,169.51698303222656,9250700
2024-12-02,169.3479299214658,172.6092085706705,169.29821225506845,171.99273681640625,16593400
2024-12-03,172.13195190788124,173.325115316705,171.52543273802027,172.03253173828125,15721500
2024-12-04,171.79390013869732,175.42306260767302,171.7640725699323,175.0850067138672,18239800
2024-12-05,176.30800123527666,176.69577480865672,173.01687942278502,173.31517028808594,16145500
2024-12-06,172.88763748618763,175.82974952691978,172.5595190405066,175.4827423095703,13319500
2024-12-09,174.9103644361005,177.22471478755182,174.5968044499131,176.28903198242188,19887800
2024-12-10,183.68996753608948,187.16895811714198,181.83350241188347,185.6758270263672,34317400
2024-12-11,185.84504808741983,195.98838780187663,185.40706053402744,195.80921936035156,41664500
2024-12-12,195.40108811945836,195.80423229129414,192.3949133268442,192.74331665039062,25197800
2024-12-13,191.82754303695964,193.45006856162743,190.3841707710793,190.50363159179688,18883200
2024-12-16,193.47495882575151,199.7212179333194,193.22112167498804,197.25257873535156,32248600
2024-12-17,197.6208778179539,201.95096410202163,195.78930730613416,196.2173309326172,24129500
2024-12-18,195.92866966173153,197.7801528795643,188.41323989944044,189.2792510986328,27638400
2024-12-19,192.39492221061928,193.70888489721114,188.65214564178714,188.83131408691406,26981200
2024-12-20,186.1536349534511,193.24600802442544,185.51656626059741,192.07640075683594,45319700
2024-12-23,193.14148272718975,195.5902244023139,190.7524790544615,195.09251403808594,15235900
2024-12-24,195.27168505157465,196.76481616393315,194.30413596925501,196.665283203125,6809800
2024-12-26,195.83908139855941,197.25257702339078,194.97305502831827,196.1974334716797,7907900
2024-12-27,195.57032390029536,195.89881458378935,191.09292009158196,193.1514434814453,14693000
2024-12-30,189.99097744707944,192.89262210558067,189.48828513293213,191.8076171875,12209500
2024-12-31,191.56375561488875,192.3650620367038,188.71186966700776,189.56793212890625,14355200
2025-01-02,190.6081299911665,192.31527281627066,187.84584367286573,189.75704956054688,17545200
2025-01-03,191.84247652544025,193.6093423401244,190.47377294848562,192.24562072753906,12875000
2025-01-06,194.25635226300807,198.64616139270905,194.16676804131993,197.05349731445312,19483300
2025-01-07,197.36207327589548,201.2143466578344,195.0427411419149,195.80921936035156,16966800
2025-01-08,193.06184624483373,196.73495114401013,192.86276513795815,194.49525451660156,14335300
2025-01-10,194.52512767087055,196.7150503565844,190.72262817648917,192.28543090820312,20753800
2025-01-13,190.47377157489464,191.6085506520479,187.79608725706328,191.40945434570312,13169100
2025-01-14,191.61848207916952,192.38496026038217,188.77157830929386,190.1751251220703,13651200
2025-01-15,193.4600412587808,196.8942400289836,192.44470777569708,196.07798767089844,12894900
2025-01-16,194.92825850182814,196.07796821268585,193.4102479868264,193.51974487304688,13449600
2025-01-17,197.14309615146212,197.89961050554967,194.4156376406273,196.6453857421875,22109100
2025-01-21,199.59181076887646,202.90656371652176,198.526718455784,198.71585083007812,19005200
2025-01-22,199.63163672065812,201.19443941769566,198.28781261730893,199.114013671875,15477400
2025-01-23,199.0642388877016,201.01527025607078,195.9187208366964,198.66607666015625,15170800
2025-01-24,198.93484816863383,201.64239389459595,198.86914091953136,200.97544860839844,12732400
2025-01-27,193.30076533816407,197.7602462174967,191.81758289537285,192.8826904296875,24970200
2025-01-28,193.7586404705913,196.32682779590218,191.72798884930003,196.16757202148438,15939200
2025-01-29,196.4662014769513,197.55122170932418,194.29619139003805,196.27706909179688,12287800
2025-01-30,198.84524994707937,202.30733545654485,198.55857435138037,201.70211791992188,14571500
2025-01-31,202.78213050256764,206.1317267292728,202.64775417193695,204.65850830078125,17060300
2025-02-03,201.28899455348483,204.28023863747416,200.7365433519632,201.71205139160156,16719500
2025-02-04,203.56354281581105,207.74430691654345,203.32463636845785,206.75885009765625,28285400
2025-02-05,192.21574433610655,193.65910132151257,189.04034985486453,192.41482543945312,43666400
2025-02-06,190.1154211068202,192.94241248956683,189.6177107145515,192.42478942871094,20816600
2025-02-07,191.85739745606065,192.13113208194073,184.25238366707939,186.2830352783203,29565700
2025-02-10,188.19424298737349,189.11999217535,186.7508859497544,187.3381805419922,16606000
2025-02-11,185.97942392823657,187.93542186122386,185.2278764766205,186.21334838867188,13028100
2025-02-12,184.38177521755978,185.97445444084866,182.78911118318564,184.5808563232422,17632300
2025-02-13,185.07857072795878,187.12915020916878,184.03339110304842,187.0196533203125,12729300
2025-02-14,185.97445682169322,187.28840428715017,185.25775268092943,186.01426696777344,12714200
2025-02-18,186.58166234828715,186.9201017480401,182.73933775820967,184.9491729736328,19796000
2025-02-19,185.33240666488575,186.5020290634484,184.65054589329594,186.27308654785156,13120500
2025-02-20,185.64595055495016,186.26310649527028,183.75465740234188,185.78530883789062,12063800
2025-02-21,186.43234871069268,186.61153234693336,180.3005683314434,180.74850463867188,19520800
2025-02-24,182.95833932703832,184.24242542853543,180.05171252095613,180.36029052734375,18734000
2025-02-25,179.33003564832237,179.93226098828964,175.96054165873886,176.5577850341797,20832500
2025-02-26,176.1347391596001,177.26453628941016,172.79509146967277,173.90000915527344,23637200
2025-02-27,175.13432915333055,175.78134656514663,168.97466202962403,169.43057250976562,25930500
2025-02-28,169.5201599139399,171.71008256686463,167.61890260075836,171.43136596679688,30049800
2025-03-03,172.93445574014441,174.19864444127194,166.8723465589281,167.88768005371094,24122000
2025-03-04,167.1709668951315,174.36287286013714,166.77278947294587,171.819580078125,30711400
2025-03-05,171.53091848861095,174.94520452087065,170.14726900378645,174.18869018554688,18848000
2025-03-06,171.7598446979629,175.92069593026022,171.71802961640304,173.41224670410156,19082400
2025-03-07,172.448664613137,176.08990281622374,171.46120297688338,174.94517517089844,16395300
2025-03-10,169.5737671447147,169.862761343809,164.99459665658725,167.2318572998047,28990700
2025-03-11,166.10574265010774,168.07394441383764,162.67760699625669,165.4081573486328,23705900
2025-03-12,167.88958231849628,168.94592793540997,164.9098780997037,168.41775512695312,19880100
2025-03-13,167.40126327682907,167.54078033410502,163.50474574640108,164.16246032714844,15206200
2025-03-14,164.74545946751374,167.6703453773569,163.94322494495256,167.04251098632812,18611100
2025-03-17,166.74852805647282,167.87962748094336,165.23874815007622,165.9961395263672,17839100
2025-03-18,165.3882317231237,165.86657374168732,158.25289611875118,162.10955810546875,24616800
2025-03-19,163.35028038381702,167.55375102253015,162.48827017668626,165.70713806152344,24955700
2025-03-20,163.26058333399368,166.45454321967475,162.57794574460488,164.4813690185547,19981500
2025-03-21,162.81713850085896,165.89648938026642,162.46833821606813,165.67724609375,29882100
2025-03-24,168.681871628997,169.91261759046714,166.8631619013111,169.34457397460938,18742800
2025-03-25,170.59024826609257,172.3142990681028,169.96242906428452,172.1947021484375,13841600
2025-03-26,170.70983468971065,171.34762913257117,166.286117493879,166.5641632080078,22498000
2025-03-27,166.1356533995557,166.86313412830248,163.28550613191504,163.51470947265625,21571200
2025-03-28,161.80062124185514,163.24562251151775,154.80381460576942,155.52232360839844,34866500
2025-03-31,154.2766360448414,156.58865032831423,151.6856028583705,155.69174194335938,33591600
2025-04-01,154.76495845000798,159.52848902265336,154.72011531021212,158.33262634277344,20111400
2025-04-02,156.41925030009824,159.7228167353665,155.99072382283325,158.3126983642578,17113300
2025-04-03,152.30845204281906,154.15406122288604,151.6556946912657,152.10415649414062,28416100
2025-04-04,149.38356497183597,152.56257735588719,147.0316949327119,147.23101806640625,39832200
2025-04-07,142.89599361520985,154.39622943328632,142.16851286156196,148.72584533691406,47823000
2025-04-08,153.04590853918566,153.90793396144434,144.7097369241356,146.07501220703125,35304400
2025-04-09,145.82586392739347,161.31231863948028,145.3076511799823,160.50511169433594,46479500
2025-04-10,158.21303701270494,159.4786658859568,151.67563985692237,154.834716796875,35270500
2025-04-11,155.0489713708499,159.3092366770408,155.0489713708499,158.85081481933594,22582000
2025-04-14,161.75081396560552,163.4648895102751,159.36904850156884,160.91371154785156,18255900
2025-04-15,161.0133741497938,161.49171621926877,157.10189332870561,158.13331604003906,15690800
2025-04-16,154.934368489957,157.6350233520462,153.37974551003248,154.96426391601562,16921500
2025-04-17,156.07046856931905,156.52889052895435,150.38013321465394,152.8316650390625,19513400
2025-04-21,150.4448930293839,150.53956695269758,147.88872751235394,149.3437042236328,16147800
2025-04-22,150.54954472069625,154.07734211066946,150.3502215907085,153.36978149414062,15910300
2025-04-23,157.36598360099995,159.46871499069186,155.81136043254915,157.1766357421875,18575700
2025-04-24,157.97885023929237,161.15289018416132,157.54535131603478,160.91371154785156,30787500
2025-04-25,166.52429468396258,167.66036642164852,162.43841437486833,163.28549194335938,35148100
2025-04-28,163.69408502836254,164.38171026938633,159.82746276692305,161.8604278564453,20871200
2025-04-29,161.4867154947422,162.11952229794406,158.84086380320036,161.5016632080078,15955200
2025-04-30,159.30924318183526,160.8180194116606,156.61356075430186,160.335693359375,20639500
2025-05-01,161.96008240104115,163.37518832280907,160.37554879011944,162.22914123535156,21904300
2025-05-02,164.3866889686756,166.12567212406213,163.09615240506508,165.23873901367188,16844900
2025-05-05,163.94820532989658,166.52430606889658,163.90336219055314,165.47792053222656,15309300
2025-05-06,163.3951259397453,166.16554696960202,162.56798366015224,164.63084411621094,10691900
2025-05-07,165.49786113936176,166.41468972066798,148.97498090988586,152.27357482910156,78729800
2025-05-08,155.3828371897875,156.8677094555333,153.56911519061876,155.2134246826172,38387500
2025-05-09,155.01409652114108,155.89105437289106,153.30002111123036,153.84812927246094,22871000
2025-05-12,158.5518703693391,159.88725011484576,157.3460324040138,159.03021240234375,31884900
2025-05-13,159.3690340339298,161.50166059387493,157.03709956492992,160.335693359375,24944300
2025-05-14,160.75425431916318,167.76003343226498,160.3755586245459,166.2353057861328,31769200
2025-05-15,166.56416520922104,166.93288561158357,163.2755313961832,164.8301544189453,22717600
2025-05-16,168.34799688904792,170.0620723801173,166.37482262141023,166.85316467285156,36271400
2025-05-19,165.14406696278974,167.3713674402021,164.8450974961549,167.29164123535156,21374700
2025-05-20,167.18203886374593,169.09542238192347,163.69409683237404,164.75045776367188,33563300
2025-05-21,164.38172502965224,173.9287226405108,164.3219341696239,169.47412109375,45567600
2025-05-22,172.7527874178601,177.51631833163697,171.28785058807728,171.3874969482422,45024100
2025-05-23,169.6933472793524,170.61516349512442,168.6768571426718,169.00572204589844,24963600
2025-05-27,170.70984040857914,173.68952953082126,170.6201541260049,173.38059997558594,24341300
2025-05-28,173.38060811094195,175.87199522970104,172.41893633259377,172.78268432617188,25999200
2025-05-29,174.39710097134503,174.79571683393422,171.18819309697466,172.3641357421875,21174700
2025-05-30,171.8160148026651,172.84246501872812,167.9443897158325,172.25450134277344,36258300
2025-06-02,168.4277201511054,170.47265253347098,168.06895981724793,169.7830352783203,24742900
2025-06-03,168.28323702059924,169.2150133546419,166.105751941516,167.13221740722656,25386700
2025-06-04,167.70023534112542,168.99575958230332,167.21690566982434,168.80641174316406,18508700
2025-06-05,171.02873742014836,171.76619347877022,168.76656887329105,169.2249755859375,25375400
2025-06-06,171.70639878734616,175.22423609077742,171.70639878734616,174.31736755371094,22258100
2025-06-09,175.47476517942692,177.51516765540885,175.26524563491927,177.23081970214844,18817600
2025-06-10,177.36049490508012,182.03497857747755,176.07839439763768,179.60543823242188,32908000
2025-06-11,180.82271788080294,181.3415535485882,177.59998091691168,178.38819885253906,18994400
2025-06-12,177.08114453762232,177.72969292587254,175.71422821351473,176.57229614257812,17345900
2025-06-13,173.18992212692407,177.9422189062432,173.17995008036138,175.48475646972656,20873200
2025-06-16,175.5096849868568,177.8444226178713,175.4248845342781,177.5401153564453,18132500
2025-06-17,176.60223195202389,178.31337421790542,175.54461650167724,176.8317108154297,17656100
2025-06-18,176.88159135832956,177.42437514186435,172.45156708667707,173.58900451660156,32531800
2025-06-20,174.4720331940851,174.9709095493113,165.89634742978652,167.35305786132812,55402600
2025-06-23,166.9439859151216,168.10136745461892,162.96294723657724,165.6369171142578,36975600
2025-06-24,167.30815279619202,168.86963814911823,166.53490057245736,167.363037109375,27310300
2025-06-25,168.27097004201798,172.97039149075704,168.18218077858864,171.10459899902344,23627400
2025-06-26,172.9953598181749,174.2575164725293,170.47604014519254,174.0380096435547,25909100
2025-06-27,174.23755046310885,178.43808060164764,172.32186719851077,177.86936950683594,74053100
2025-06-30,180.3787228966327,181.17193445464187,175.10559630004255,176.99134826660156,43964600
2025-07-01,176.40766091669954,176.82173681784994,174.26749231134937,176.51243591308594,25778500
2025-07-02,176.14824682206404,179.53062783204882,175.69426752119247,179.35601806640625,19325900
2025-07-03,179.41588617215984,180.36374813071492,177.78954450492,180.1442413330078,13287400
2025-07-07,179.73017509426768,179.9347162223865,176.2430343191759,177.1609649658203,20991400
2025-07-08,178.37821713464507,178.3881891803029,173.52913865793022,174.766357421875,24108600
2025-07-09,175.71423763690527,179.87486478280312,173.48925326441045,177.26075744628906,31288000
2025-07-10,176.2729641563774,179.18640015516522,175.34506147169566,178.29840087890625,24693700
2025-07-11,177.5101740042785,182.19960831898157,177.1419999954269,180.90252685546875,23975700
2025-07-14,181.66082746538615,184.3148378732345,180.30487288076202,182.39915466308594,20990400
2025-07-15,183.52663093866997,184.9933286005737,181.98011123519012,182.6885223388672,23911600
2025-07-16,183.9057768934897,184.918495230525,182.66855811901667,183.3570098876953,21152600
2025-07-17,182.70348267884268,184.77081716458488,181.09210666215927,184.284912109375,21654400
2025-07-18,186.2006050349338,186.93894751784833,184.3148530304543,185.5221405029297,21033400
2025-07-21,186.67952714980223,190.83016660863174,186.6296364723373,190.7204132080078,24665000
2025-07-22,191.98755404484274,192.9254439275945,188.071372033117,191.67825317382812,26212900
2025-07-23,191.9277009474205,192.92545360045878,189.75259224705852,191.07960510253906,34068100
2025-07-24,197.66477724976374,198.52284513405064,191.51861729833644,192.76580810546875,45252100
2025-07-25,192.49641987213175,194.83615115662784,191.69822989683496,193.6438446044922,31101800
2025-07-28,193.97310167641388,194.38218392804671,191.42383566879718,192.98532104492188,25553500
2025-07-29,192.8655852885559,196.2180347146009,192.55628441099617,195.98854064941406,31891600
2025-07-30,195.8588546649248,198.03394820551867,195.12051219888494,196.9962921142578,21150500
2025-07-31,196.15817506043504,196.38765390471343,191.64832886600274,192.42657470703125,27852000
2025-08-01,189.3535009380722,191.1873677921112,188.275926225009,189.5231170654297,21236700
2025-08-04,190.7453885006196,195.6393646105546,190.4909566728955,195.3101043701172,23386000
2025-08-05,195.1055429540734,198.25345139263305,194.23750300779153,194.8810577392578,19010200
2025-08-06,194.81121756180326,196.9364357161351,194.02997243608303,196.4774627685547,15383700
2025-08-07,197.2656809558061,197.92418612692944,194.7812714038729,196.83663940429688,14660600
2025-08-08,197.5350696511723,202.97281866623578,197.45524761050837,201.63583374023438,24379900
2025-08-11,201.10203625141725,201.7056875908846,199.3509906320267,201.1768798828125,16690200
2025-08-12,201.6408254507789,204.66900843391733,200.94738004290974,203.70118713378906,19854000
2025-08-13,204.51932979316797,204.96831543167775,198.19358177412687,202.57371520996094,19573000
2025-08-14,202.10479080906802,204.95836422946513,201.87031830824085,203.36196899414062,17777100
2025-08-15,204.25991797412192,206.86405292627092,201.63084529622404,204.44949340820312,21111400
2025-08-18,204.60914793219283,205.67673537541967,202.9528748413574,203.8308868408203,13000200
2025-08-19,203.44677131463808,203.8309006388751,200.47845082212916,202.0349578857422,13476600
2025-08-20,201.22675406060662,201.71565835672976,197.0162517394249,199.7401123046875,13971700
2025-08-21,200.2689097710961,202.9029761139909,199.9496216206861,200.16912841796875,11768900
2025-08-22,203.5016402542967,208.75978583726322,201.675751050388,206.25543212890625,25723700
2025-08-25,206.5347920957198,210.615596652814,205.48714880105956,208.68994140625,22788800
2025-08-26,207.90172031277964,207.9915296242752,205.98603700100233,207.482666015625,23051000
2025-08-27,205.9960135952439,209.0990248670544,205.92616360375612,207.74208068847656,15249000
2025-08-28,207.37289737989897,212.4215231157988,207.1334464988264,211.89271545410156,20915700
2025-08-29,210.79520958229057,214.85605500795776,210.49588073819655,213.0501251220703,24682200
2025-09-02,208.520337548597,211.8917416534942,206.49490083126045,211.5135955810547,28900100
2025-09-03,225.971030074367,231.27908181286634,224.61408577632568,230.58065795898438,72250300
2025-09-04,229.63775552529555,232.24688413567327,226.25038108084854,232.1371307373047,32196000
2025-09-05,232.13714101756528,235.59934401774802,231.85777148652727,234.64149475097656,26127700
2025-09-08,235.4703704393718,238.07683308861866,233.41316529056112,233.84259033203125,23128800
2025-09-09,233.87254064230376,240.26385887562813,233.06364109506634,239.61474609375,22854800
2025-09-10,238.9256826709429,241.7518482694581,237.78722861695667,239.23526000976562,19990100
2025-09-11,239.814466214365,242.24118003633055,236.25929457944994,240.45359802246094,21308600
2025-09-12,240.47359503906435,242.09439613538615,238.17670967591036,241.0528106689453,14536600
2025-09-15,244.80769517448368,252.40737990294522,244.647908408399,251.41871643066406,29935200
2025-09-16,251.9879632483914,252.8867371843696,249.37650244973867,251.07919311523438,24493500
2025-09-17,251.11914019611262,251.60846622440926,246.24575040208808,249.51132202148438,20491300
2025-09-18,251.51859669572013,253.79550486711295,249.77096887410954,251.9879608154297,21166400
2025-09-19,253.05649509989235,256.3520400389092,251.7262999738622,254.89401245117188,41616800
2025-09-22,254.4346345672764,255.96255937363452,250.4700148378594,252.53721618652344,20079000
2025-09-23,253.31114463173284,254.4246386259506,250.74961930188456,251.9979248046875,17521100
2025-09-24,251.80818505392173,252.6170998362053,246.88487536497823,247.49404907226562,16958500
2025-09-25,244.5080977205706,246.9797487713338,241.3224195620241,246.2357635498047,17379800
2025-09-26,247.44911578332088,249.78094201324313,246.30566363488114,246.8449249267578,16594600
2025-09-29,247.93843370169824,251.30686237888438,242.8703163909686,244.02874755859375,23157200
2025-09-30,242.7305226152306,243.34469445044164,239.2462536416497,243.21986389160156,22541200
2025-10-01,240.8530628773219,246.81497150595618,238.87575111870152,245.2071533203125,23967700
2025-10-02,245.30702484602278,247.29931566997493,242.7754574796697,246.095947265625,20657500
2025-10-03,244.89757357559975,246.78301477995933,242.14132038642188,246.1159210205078,19941400
2025-10-06,245.44683878583177,251.85813451129658,245.3569644398831,251.1690673828125,18309000
2025-10-07,248.59256128820616,251.20902016873163,246.4754398821627,246.79501342773438,13811200
2025-10-08,245.86626070065884,246.9248213802435,244.75776475092104,245.1272735595703,14136500
2025-10-09,244.72781094114117,245.2221350767108,239.35509882598436,241.88168334960938,19375700
2025-10-10,241.83174330747613,244.5081031151831,236.3641588566611,237.16807556152344,22449100
2025-10-13,240.7032579825834,244.6578965026356,240.4236387702479,244.30836486816406,12465000
2025-10-14,241.42729180631787,247.68878148244653,240.85106287029097,245.8562774658203,17705400
2025-10-15,247.74870370781517,252.41735410672348,246.45544579491175,251.36878967285156,16048100
2025-10-16,252.122772700916,257.23082941743115,250.33020770413574,251.53857421875,18946000
2025-10-17,251.00928896640758,254.53450266096655,248.25302052802706,253.4459686279297,17653800
2025-10-20,254.88403337816922,257.5304504658622,254.25489770036705,256.6716003417969,13726800
2025-10-21,254.90400164086319,255.03383029849985,244.33834129177995,250.99929809570312,27836400
2025-10-22,254.66431708821446,256.8313737278801,250.1115065245809,252.18768310546875,19650200
2025-10-23,253.35608924938163,255.51316487878347,252.42536105056394,253.38604736328125,13241300
2025-10-24,256.95118990988885,262.15414913586386,255.75283492503297,260.1568603515625,18406000
2025-10-27,265.0002744998441,270.43290270240664,264.5808609008827,269.5640869140625,22987700
2025-10-28,269.83375183368696,271.0121450108063,266.80786026547077,268.0661315917969,20101200
2025-10-29,268.24586167015235,275.595900411786,268.0661129897522,274.7969970703125,26287900
2025-10-30,291.3245481932234,291.53425498576104,280.06983667597433,281.5178527832031,48570000
2025-10-31,282.82109013084,285.8969321261184,277.14681597378535,281.43798828125,29932800
2025-11-03,282.03718595995247,285.552403539531,279.98994650105004,283.73486328125,19691800
2025-11-04,276.6894285938104,281.4519764379777,276.4896875121595,277.6830749511719,18123700
2025-11-05,279.00129772833924,286.31138258460743,277.5033310189176,284.364013671875,20063200
2025-11-06,285.34767015683235,288.41851416951283,281.2382578122001,284.9532165527344,23103800
2025-11-07,283.8247275130803,284.114342933768,275.3662078945626,279.32086181640625,21991100
2025-11-10,284.8783122420256,291.0648911999438,283.1556445395653,290.1960754394531,19508200
2025-11-11,287.8093336403647,291.9437056858744,287.4897601121121,291.3445129394531,14156700
2025-11-12,291.68906357799153,291.96368471396846,283.9945212910052,287.0403747558594,16998800
2025-11-13,282.6013892882789,283.1257020133516,277.62316125903163,278.74163818359375,18060200
2025-11-14,271.5264242058176,278.77159463198814,271.04209627178807,276.60455322265625,18330500
2025-11-17,286.01176347439497,294.12075150639083,283.8447220914702,285.2128601074219,34286100
2025-11-18,288.09394626423745,289.0426707373302,278.63181393182674,284.57373046875,29702200
2025-11-19,287.2950328562193,303.8375809941279,287.28006903674975,292.59283447265625,43123600
2025-11-20,304.3269167525351,306.47402681961586,288.7780449689889,289.5869445800781,34801400
2025-11-21,296.46757456498995,303.5479600958327,293.9609672298312,299.2438049316406,43670600
2025-11-24,310.5884204886871,319.3664832709761,308.9805870747885,318.0382995605469,55311800
2025-11-25,326.3569834859101,328.2244741468647,317.385183737123,323.2012939453125,50899300
2025-11-26,320.3451473921627,324.549431756303,316.7700138722469,319.8458251953125,29839600
2025-11-28,322.99157646052373,326.43691210283106,316.51038354556886,319.6860656738281,19695800
2025-12-01,317.04462852930317,319.1967059348565,313.55437132058563,314.69281005859375,28520600
2025-12-02,316.4704257774636,318.16813356335206,313.79406591782276,315.59161376953125,24668200
2025-12-03,315.60161969536335,321.6034828847526,313.8539918226923,320.1853942871094,32285100
2025-12-04,322.6071239589011,322.6610363768029,315.16221218979575,317.95843505859375,20831600
2025-12-05,319.5662181425578,323.39101290641935,319.5462562253593,321.65338134765625,15719900
2025-12-08,320.8039919213927,321.00386331874694,311.6904173301635,314.2286376953125,22006900
2025-12-09,312.87958582006485,318.4846459049336,312.3999127582196,317.52630615234375,14151300
2025-12-10,316.3970959564073,321.6433999782248,315.1779536114936,320.7740173339844,22764500
2025-12-11,320.87394053769606,321.76329808879126,309.6618385878626,313.4791564941406,25912100
2025-12-12,314.5734065176645,315.9174608950193,306.7439001819645,310.3013916015625,21264800
2025-12-15,312.40489971781204,312.47985911330255,305.52473726955543,309.10223388671875,22028900
2025-12-16,305.784573653889,311.625459948919,303.61608793224536,307.51336669921875,21285200
2025-12-17,308.7924619197888,308.9773292372283,297.2406027790044,297.85015869140625,29120400
2025-12-18,302.846646642826,305.0451100653827,300.41836465524796,303.5361633300781,21040500
2025-12-19,303.05649361491436,308.77246808062773,302.1271556335122,308.3927307128906,45234400
2025-12-22,311.00590276398736,311.4805744617787,306.37415605916556,311.1108093261719,14091400
2025-12-23,310.9159802898749,316.07732233157225,310.5312415592812,315.457763671875,13961400
2025-12-24,315.9274269904115,316.0673430697277,313.0994327046168,315.4477844238281,6138200
2025-12-26,315.697596822516,316.3371303864859,313.4991334861664,314.7382507324219,6730900
2025-12-29,312.5997990474494,314.7482794651283,311.6804332591459,314.168701171875,12317700
2025-12-30,313.18937063635735,317.47635911952403,313.0294796129375,314.32855224609375,11052500
2025-12-31,313.1493810861174,315.16797851359684,311.9802218497337,313.5790710449219,10821500
2026-01-02,317.3664134053808,322.6866704398477,310.4312967164081,315.0980224609375,22043700
2026-01-05,317.4713546577956,319.02525264134,315.0270622120786,317.09661865234375,19934000
2026-01-06,317.08661903192046,321.33362713520853,312.1201165712904,314.32855224609375,18989900
2026-01-07,314.34855098419695,326.23516596134203,314.2785929449241,322.2030029296875,24681800
2026-01-08,329.03320030352205,330.3072965587092,321.7632977668038,325.7804870605469,21789600
2026-01-09,327.2594319079323,331.24664361980945,326.02031464702753,328.9082946777344,17917700
2026-01-12,326.2701332040466,334.2045456211923,325.28083995553135,332.4957580566406,23893800
2026-01-13,335.0439614518862,340.9598071864901,334.1146234915264,336.1931457519531,24616700
2026-01-14,334.7491627620068,336.79273654204565,330.9068988397455,336.0732421875,17839300
2026-01-15,337.8170192662028,337.89197866848025,331.0567973378674,332.92547607421875,16424900
2026-01-16,334.699218946803,335.00399692197004,327.9389970491494,330.1074523925781,21868600
2026-01-20,321.01383130033213,327.85901487201596,320.66410210372305,321.9331970214844,27169900
2026-01-21,320.8689590122254,332.49077668571255,319.3150610092894,328.1488342285156,22791700
2026-01-22,334.029693291732,334.97400483813163,328.6484745534308,330.6070861816406,19902100
2026-01-23,332.4208233773452,333.79485543404394,327.73912386384455,328.19879150390625,19110600
2026-01-26,327.96897375638883,336.1132304137125,327.2594516081396,333.35516357421875,18502500
2026-01-27,335.39372151591886,337.97689313821826,333.51504015566695,334.76416015625,16080900
2026-01-28,336.3730282034612,337.3923296902988,331.89620142426776,336.04327392578125,17538500
2026-01-29,340.110413087966,342.0490498439696,326.4900031924115,338.4216003417969,24548300
2026-01-30,334.2245448121359,340.0504577998832,332.40584919738757,338.29168701171875,21740200
2026-02-02,336.31306806137826,344.9220241320709,335.77347016017904,344.6571960449219,22775200
2026-02-03,348.269675588024,349.9035038834414,338.35164404867646,340.4601745605469,25786500
2026-02-04,343.5129922654913,344.0076388930214,329.1381099272902,333.1053161621094,36991100
2026-02-05,312.9795292869652,332.4098415688309,306.7039514285333,331.09674072265625,51842000
2026-02-06,327.11956678967005,330.4072593202418,319.9246230593204,322.87255859375,33877000
2026-02-09,321.01385169802745,327.5092759897379,317.47636565634593,324.171630859375,26103300
2026-02-10,320.6840944247819,321.40358879021477,314.4384942026548,318.40570068359375,25281900
2026-02-11,318.7354426626187,320.81899677354073,309.9116724274341,311.1108093261719,24008100
2026-02-12,312.1301041486662,316.25720140820505,307.9330488517572,309.1521911621094,28194000
2026-02-13,307.76817850318747,308.6725707022854,303.68606268869297,305.8045654296875,20236000
2026-02-17,300.4283536382017,304.6753614906176,296.69096599073265,302.6068115234375,23750800
2026-02-18,302.2191096500804,305.6946581383781,301.7674319832104,303.7260437011719,15847700
2026-02-19,302.30700660872435,305.81454523079384,300.4583334565555,303.3462829589844,13448600
2026-02-20,304.58541819197296,316.5370206854778,304.205711316736,314.6783142089844,33663100
2026-02-23,318.9153486533042,319.2300988453611,309.77176561057126,311.4705810546875,17641200
2026-02-24,310.4213396831998,312.1501023326058,305.8745243569723,310.7011413574219,15040700
2026-02-25,311.900268311591,313.4391927184779,309.14220154269384,312.80963134765625,20209100
2026-02-26,312.5847948204166,312.7796648699896,302.19712331874405,306.93377685546875,22380000
2026-02-27,303.72603691045066,311.8602907129145,303.37728357287466,311.21075439453125,33389200
2026-03-02,302.75171857799813,307.92309383959207,300.84806085749403,306.1443176269531,21854400
2026-03-03,298.20991751853006,303.72602030789244,296.4901208549964,303.3462829589844,20361100
2026-03-04,302.4719130675056,305.24495342097674,300.58823031296424,303.23638916015625,20015600
2026-03-05,302.9865469194204,303.15641015461176,297.8601537711846,300.6981506347656,22643900
2026-03-06,295.863567933826,300.11856607791526,295.0421556163293,298.0899963378906,17598000
2026-03-09,294.135009765625,306.5,293.92999267578125,306.010009765625,19632700
2026-03-10,305.875,309.1499938964844,305.30999755859375,306.92999267578125,14386400
2026-03-11,306.29998779296875,311.0690002441406,305.8399963378906,308.4200134277344,13376700
2026-03-12,306.2099914550781,308.6400146484375,300.8399963378906,303.2099914550781,15610200
2026-03-13,306.6549987792969,307.260009765625,299.7799987792969,301.4599914550781,16857500
2026-03-16,303.6000061035156,305.57000732421875,301.80999755859375,304.4200134277344,14822000
2026-03-17,304.6700134277344,310.04998779296875,304.3500061035156,309.4100036621094,14423600
2026-03-18,307.9049987792969,310.75,305.5450134277344,306.29998779296875,13848400
2026-03-19,303.2099914550781,306.67999267578125,301.0,305.7300109863281,15399700
2026-03-20,304.07000732421875,304.3699951171875,296.75,298.7900085449219,34763500
2026-03-23,300.5299987792969,303.3699951171875,298.0299987792969,299.0199890136719,22204100
2026-03-24,296.2099914550781,297.1000061035156,288.8550109863281,289.20001220703125,27411200
2026-03-25,292.1499938964844,294.6600036621094,287.3699951171875,289.5899963378906,22343000
2026-03-26,286.19000244140625,286.5150146484375,279.04998779296875,280.739990234375,29281200
2026-03-27,277.3999938964844,279.0899963378906,273.4800109863281,273.760009765625,25703300
2026-03-30,275.44000244140625,276.260009765625,271.5350036621094,273.1400146484375,22752300
2026-03-31,277.5400085449219,287.04998779296875,276.760009765625,286.8599853515625,31625100
2026-04-01,289.9800109863281,297.9849853515625,289.4700012207031,294.8999938964844,24403600
2026-04-02,288.989990234375,295.8999938964844,287.57000732421875,294.4599914550781,13433400
2026-04-06,294.70001220703125,298.42498779296875,293.7900085449219,297.6600036621094,10121700
2026-04-07,300.1400146484375,304.1000061035156,295.42498779296875,303.92999267578125,17317700
2026-04-08,317.8299865722656,319.3900146484375,312.7049865722656,314.739990234375,20887500
2026-04-09,313.19000244140625,317.42999267578125,309.4700012207031,316.3699951171875,14606800
2026-04-10,318.2250061035156,319.5,314.5400085449219,315.7200012207031,11997600
2026-04-13,315.4200134277344,319.42999267578125,313.69000244140625,319.2099914550781,12212800
2026-04-14,322.06500244140625,330.6400146484375,321.1499938964844,330.5799865722656,18557500
2026-04-15,330.55999755859375,335.0,328.6600036621094,334.4700012207031,15104100
2026-04-16,335.8500061035156,337.3800048828125,331.6499938964844,332.7699890136719,13949600
2026-04-17,334.42999267578125,339.9849853515625,333.2900085449219,339.3999938964844,19635800
