Price,Open,High,Low,Close,Volume
Ticker,MSFT,MSFT,MSFT,MSFT,MSFT
Date,,,,,
2021-04-01,228.82618977966163,233.01946074415613,228.42317648565304,232.54928588867188,30338000
2021-04-05,232.94267953817064,239.85152026219762,232.88510830575663,238.9975128173828,36910600
2021-04-06,237.59655114205796,239.31415636924692,236.89607673963405,237.83644104003906,22931900
2021-04-07,237.7884540717137,240.7822752368662,237.1935318252326,239.79393005371094,22719800
2021-04-08,242.54791457948403,243.8625067108341,241.80904949523384,243.0084991455078,23625200
2021-04-09,242.64384338315648,245.63767943978883,242.23123976274744,245.5033416748047,24326800
2021-04-12,244.4094444364362,247.24974743747651,244.3230729403919,245.5609130859375,27148700
2021-04-13,246.85630526571913,248.70824821467303,246.44367239367668,248.0365447998047,23837500
2021-04-14,247.06741162139323,248.36279362985277,244.84122636397595,245.2538299560547,23070900
2021-04-15,247.4991912440341,249.41831037148776,247.30729690134913,249.00570678710938,25627500
2021-04-16,248.97691132612795,250.4450362292379,247.1825396982639,250.19554138183594,24878600
2021-04-19,249.66784731433955,250.90568755956681,247.39369545031107,248.27647399902344,23209300
2021-04-20,247.39367885760478,249.6774355364168,246.45329984767133,247.81588745117188,19722900
2021-04-21,248.4683905453081,250.13801504914483,246.84673231299666,250.04205322265625,24030400
2021-04-22,249.6869677564627,251.19348319019957,245.30178848218713,246.76992797851562,25606200
2021-04-23,247.4512097025957,250.9344153892346,246.86586317747359,250.58895874023438,21462600
2021-04-26,251.07837562429333,251.82683096234217,249.6486411501395,250.97280883789062,19763300
2021-04-27,251.0016273911271,252.5465338213757,249.60067835062966,251.37586975097656,31014200
2021-04-28,245.7239923604383,246.1654108297521,242.72058097809375,244.26547241210938,46903100
2021-04-29,245.12908267315444,245.7432001834214,238.93032169994916,242.29837036132812,40589000
2021-04-30,239.6404523042984,242.84537828932935,239.50611452773182,241.9817657470703,30945100
2021-05-03,243.1524133181081,244.0640067134721,240.96461845267157,241.67469787597656,19626600
2021-05-04,240.82064814733633,241.0509476976474,235.82133672532257,237.7692413330078,32756100
2021-05-05,238.98789545222698,239.4101039903154,235.87893192942408,236.5026397705078,21901300
2021-05-06,236.48347435623583,239.7555762980852,234.79465463224184,239.63082885742188,26491100
2021-05-07,241.95295146590863,244.0160134266029,241.01258714133363,242.25042724609375,27032900
2021-05-10,240.72467565541882,241.54989737192435,237.12632770118802,237.18389892578125,29299900
2021-05-11,234.66031619488902,236.62741641293383,232.76039218061487,236.27236938476562,33641600
2021-05-12,232.37651860575235,234.497151508865,228.4423335043082,229.334716796875,36684400
2021-05-13,232.02152794835033,235.66785757262463,231.65689059340738,233.2017822265625,29624300
2021-05-14,235.6486247470301,239.10303017636681,235.56226790568283,238.11468505859375,23901100
2021-05-17,236.57937686365682,236.61775279792946,233.67191300549086,235.2647705078125,24970200
2021-05-18,236.31079978890446,236.44513757736357,233.07707325531143,233.2498016357422,20168000
2021-05-19,230.16243607762956,233.93259335141164,229.47958385849037,233.82679748535156,25739800
2021-05-20,234.63470174976987,238.47217569165701,234.53851835238595,237.05836486816406,21800700
2021-05-21,238.10671616214,238.83766010110827,235.38489032383154,235.79844665527344,21863100
2021-05-24,238.31831706682158,241.55951010552934,238.04902113207515,241.19403076171875,21411500
2021-05-25,242.14617519695508,243.0887108966254,241.23249158269627,242.09808349609375,17704300
2021-05-26,241.819173240438,243.2714634355035,241.16517303578058,241.87689208984375,17771600
2021-05-27,241.56911515709095,241.86726317029425,239.72250822888856,239.78021240234375,24426200
2021-05-28,241.4056131297948,242.44433227006198,240.02065427610526,240.1360626220703,18270200
2021-06-01,241.62682349539628,241.68452766984606,237.52005320809064,237.94322204589844,23213300
2021-06-02,238.64535181633974,239.74177526396574,236.44287777405933,237.84707641601562,19406700
2021-06-03,235.846550117456,236.9237338024007,233.71140768799265,236.3178253173828,25307700
2021-06-04,238.2894353899083,242.0307405997001,238.04899157263242,241.20361328125,25281100
2021-06-07,240.4245536234359,244.3774501712574,240.26105360509834,244.108154296875,23079200
2021-06-08,245.40656740508024,246.22408220811877,242.85785427977055,242.9155731201172,22455000
2021-06-09,244.10822873950679,245.76248371549016,243.5311722650773,243.89663696289062,17937600
2021-06-10,244.56982463133653,247.61865044725548,243.97352866576068,247.4070587158203,24563600
2021-06-11,248.12844166286035,248.60932939311192,246.80118683119682,248.03228759765625,18999700
2021-06-14,248.04182735203915,250.01348419533974,246.98386872283527,249.95578002929688,19150500
2021-06-15,249.8403903117265,250.0519820781897,247.83028320585453,248.48428344726562,18038900
2021-06-16,249.48449295997696,250.6193807060856,244.69485634370264,247.54171752929688,27220000
2021-06-17,246.28180801711895,251.74468467468952,246.22410384722616,250.9271697998047,27565500
2021-06-18,249.70570296444276,252.27362634365522,248.85933608179366,249.51333618164062,37202200
2021-06-21,249.8885233587191,253.4470751821666,248.06115573575315,252.5911102294922,26696100
2021-06-22,252.67767617857103,255.6303341906389,252.369900955261,255.3610382080078,24694100
2021-06-23,255.82260635317851,256.6304940947321,254.32223921157143,255.130126953125,19518700
2021-06-24,255.98617080317328,257.6115737475346,255.32254335956736,256.49591064453125,21446900
2021-06-25,256.05344819862387,257.03444843637993,254.63963733626937,254.88967895507812,25611100
2021-06-28,256.01492178801493,258.62132414743763,255.74562592819686,258.4482116699219,19590000
2021-06-29,258.59258793407116,261.26632279421653,257.73662295546177,261.02587890625,19937800
2021-06-30,260.3429572810892,260.9873302929651,259.2946257303389,260.544921875,21656500
2021-07-01,259.3042174129385,261.44898683933064,259.2946196189184,261.2181701660156,16725300
2021-07-02,262.3915641354273,267.3735535200733,262.0837889720143,267.03692626953125,26458000
2021-07-06,267.402330362961,268.6911054771681,263.81489866709086,267.0464782714844,31565600
2021-07-07,268.7200270839339,269.960725504487,266.5560325451121,269.2297668457031,23260000
2021-07-08,266.3156842695692,268.07575022929956,264.3632807813375,266.8158264160156,24618600
2021-07-09,265.1807143722743,267.4216381390511,264.7960100826157,267.31585693359375,23916700
2021-07-12,268.48920655469243,269.0758754216596,266.0078097490521,266.71954345703125,18931700
2021-07-13,266.91183033818885,272.03810834879346,266.7868242229715,270.2395935058594,26120100
2021-07-14,271.557263551942,272.8171868548692,269.82605039030216,271.7111511230469,23113700
2021-07-15,271.22067359330885,271.7111884591669,269.1336079777888,270.2877502441406,22604200
2021-07-16,271.28804446016426,273.2404477103934,268.7777949378346,270.01849365234375,26186800
2021-07-19,268.2679788683728,269.65293765611636,263.9592442852176,266.42138671875,32935600
2021-07-20,267.40239850810826,270.2300203759046,265.70006671057956,268.6430969238281,26259700
2021-07-21,268.23914676268924,270.75899355414396,266.69070249429734,270.6435852050781,24364300
2021-07-22,272.9903220968104,275.4717190297968,272.5863928711976,275.2024230957031,23384100
2021-07-23,276.3853722718105,278.90521894376,275.5486324297109,278.59747314453125,22768100
2021-07-26,277.9531436643689,278.6167711651473,275.68336737555,278.001220703125,23176100
2021-07-27,278.3666124668251,278.51087288872895,272.1343274321578,275.58709716796875,33604100
2021-07-28,277.9434652186941,279.0591282119056,272.9807006010522,275.27935791015625,33566900
2021-07-29,275.2986045195014,277.58763486236643,275.1447169202856,275.5486755371094,18168300
2021-07-30,274.26948015452774,275.70251598499704,273.05763386236777,274.0194091796875,20944800
2021-08-02,275.41400491206474,275.8083363703218,272.8941579188168,273.9328918457031,16267400
2021-08-03,274.50998820237044,276.250799585878,273.14425401781483,276.1449890136719,17879000
2021-08-04,275.2793045071055,276.59693186168965,273.76931036819576,275.5582275390625,16191300
2021-08-05,275.91411439860224,278.558996585167,275.1639308070006,278.45318603515625,13900200
2021-08-06,277.48180834700514,278.4339565262084,276.62581421943787,278.3954772949219,16589300
2021-08-09,278.6744499389659,280.4056340911744,276.8086031288222,277.3087158203125,16117600
2021-08-10,277.7606505008222,278.1934610570605,274.2982834551078,275.4908752441406,18616600
2021-08-11,276.2314258515103,277.6260115252924,274.9330235605834,275.98138427734375,13955900
2021-08-12,275.6736478943844,278.88597374560374,275.3947248502605,278.7320861816406,14561300
2021-08-13,278.41473610565794,281.70399133323906,278.24159423758465,281.6559143066406,18249000
2021-08-16,281.98297377292107,283.55067260402876,278.9341323874401,283.3390808105469,22507600
2021-08-17,281.21350772659866,282.2137329544662,279.9535550193779,281.8771057128906,20075300
2021-08-18,281.41455687924235,284.0934094395426,279.7089369385495,280.1522216796875,21813000
2021-08-19,278.1865237279966,286.64707767199536,278.1383546530816,285.9725341796875,29850500
2021-08-20,288.8151504653693,294.7124789833826,287.21554348054167,293.28631591796875,40817600
2021-08-23,292.21676889613116,294.28853895244464,290.8677113762467,293.5658264160156,22830200
2021-08-24,293.9222928481988,294.5293759454758,291.0121816186196,291.609619140625,18175800
2021-08-25,293.22844986666524,293.5079068482192,289.4896430501033,291.02178955078125,20006100
2021-08-26,290.03893440127865,291.426544578333,288.0731778231543,288.20806884765625,17666100
2021-08-27,288.1117043575675,289.9233081860537,286.0302890699818,288.8151550292969,22605700
2021-08-30,290.16426854794526,293.1514863285869,290.10645389602473,292.5444030761719,16348100
2021-08-31,293.34417025857385,293.4212466452703,290.5303969246272,290.8965759277344,26285300
2021-09-01,291.85055818104365,294.08615577563324,290.5207625531025,290.848388671875,18983800
2021-09-02,291.2048996220678,292.3226688129112,289.2583755946985,290.1930847167969,16285600
2021-09-03,290.0389056864893,291.5903434617449,289.33548449908074,290.1834716796875,14747900
2021-09-07,290.05824109463697,290.13531748316177,287.3504808113143,289.2584228515625,17180400
2021-09-08,288.8729444557402,289.67273318736136,286.6469927606512,289.28729248046875,15046800
2021-09-09,289.87517720465905,291.1471582820578,286.19415442336,286.43505859375,19927000
2021-09-10,287.5624411048134,289.007865815786,284.6330387898814,284.9510192871094,19633400
2021-09-13,286.72404054188644,287.67804074980387,283.38029054523867,286.1844177246094,23652900
2021-09-14,288.66098698942704,290.4244218394307,287.25411498430714,288.88262939453125,21853400
2021-09-15,292.2264051004147,294.2114531175559,290.83879472239886,293.7296447753906,28356300
2021-09-16,292.70817930849984,294.20177323213824,289.81732959262365,294.11505126953125,19550800
2021-09-17,293.103255033234,293.4212355512948,288.6320601855472,288.9596862792969,41372500
2021-09-20,285.5484866618961,287.8515443910694,278.98626014030367,283.59234619140625,38278700
2021-09-21,284.93169876249823,286.7143947530404,283.37064510185354,284.0740661621094,22364100
2021-09-22,285.934007352102,289.29702038208677,283.7947770017501,287.7166748046875,26626300
2021-09-23,287.9767902418922,289.9521922582794,286.70480943359127,288.66094970703125,18604600
2021-09-24,287.3794027439531,288.8922585277224,286.12668346058666,288.4586486816406,14999000
2021-09-27,285.3654278881508,285.68340842010866,282.2818430717225,283.46710205078125,23571700
2021-09-28,279.25607020918045,280.20042503434115,272.4625851539167,273.2045593261719,43186200
2021-09-29,274.7271290344914,276.3363524670483,272.713173645824,273.6671447753906,26353700
2021-09-30,275.31486617919455,277.35772848518707,271.3736781629652,271.66278076171875,32343600
2021-10-01,271.855518825413,279.42956082549745,271.055729962069,278.5815734863281,30086300
2021-10-04,276.9434021661116,277.28067385415983,270.0535494270314,272.8094787597656,31350700
2021-10-05,273.71522140234265,279.8341913063189,273.71522140234265,278.2538757324219,24993000
2021-10-06,275.38232168306524,282.94671707548684,275.1221558151547,282.44561767578125,28002600
2021-10-07,284.4402643887922,285.8471654194184,283.22612779643686,284.1222839355469,20430500
2021-10-08,285.44243361714194,285.8471654194184,283.0719456530571,284.1222839355469,17685700
2021-10-11,282.26256704142725,287.1288187573514,282.0987392920623,283.52490234375,19298600
2021-10-12,284.5944565534147,284.690824072325,281.71325300359666,282.2239685058594,17974100
2021-10-13,284.1801784650092,286.4639451294158,282.81182993730505,285.52923583984375,23416300
2021-10-14,288.3236530124895,292.23593321952023,286.99385768362157,291.73486328125,27262900
2021-10-15,291.3398567409262,293.37310318030734,289.5860673662888,293.1418151855469,25384800
2021-10-18,292.5250261320918,296.9961907609561,291.67703902819403,296.10968017578125,22729300
2021-10-19,297.13119325509496,298.0466114077476,296.0423017598198,297.01556396484375,17682100
2021-10-20,297.95987037171125,298.4320624863461,294.9726531333277,296.2253723144531,16537100
2021-10-21,295.9940811288246,299.70398097618084,295.21352474111114,299.4534606933594,16918100
2021-10-22,299.10655718444485,299.7714549252828,296.6011483907177,297.91168212890625,17449300
2021-10-25,298.1044190576334,298.1429719558944,295.3099367822359,296.919189453125,17554500
2021-10-26,299.6847813807239,301.03383882381803,297.3721072772416,298.8271484375,28107300
2021-10-27,304.50284339356364,314.2353768644904,304.50284339356364,311.4119873046875,52588700
2021-10-28,312.5297505959251,313.0501117800628,309.667808194034,312.5490417480469,26297900
2021-10-29,312.33705592687465,319.9207139283914,312.11541352037625,319.5545349121094,34766000
2021-11-01,319.3039092052296,319.429184039648,314.4954728847083,317.3863220214844,27073200
2021-11-02,318.292176820312,321.3179468699199,317.9934580456365,321.00958251953125,26487100
2021-11-03,321.75156337079386,322.71517993039924,318.61980955207633,321.8479309082031,21500100
2021-11-04,320.77836088619716,324.2955557789169,317.52133190249214,324.1991882324219,23992200
2021-11-05,326.1938803589028,326.46369184358485,322.25269180428967,323.8330078125,22570100
2021-11-08,325.0278447491498,325.36511641707693,322.2719155808302,324.7291259765625,20897000
2021-11-09,324.84472843590123,326.39616621738094,322.35861092573055,323.7269592285156,21307400
2021-11-10,322.3972890752292,322.4551037323063,317.91647670823727,318.7644348144531,25500900
2021-11-11,319.197991984075,321.62629517799496,318.48492512550797,320.3350524902344,16849800
2021-11-12,321.77084906481406,324.96041747042767,321.6455742090313,324.4689636230469,23831000
2021-11-15,325.2591690047351,325.58679513357146,321.87686518692334,323.8426513671875,16723000
2021-11-16,323.4668329496531,328.2753000737165,323.3030345857247,327.1575012207031,20886800
2021-11-17,327.2057858501784,330.3432697598769,326.2983266086432,327.3795471191406,19053400
2021-11-18,326.47199828045603,330.5941871717435,325.448698473781,329.45501708984375,22463500
2021-11-19,330.77765366688135,333.15247904268057,330.3528843201797,331.2313537597656,21963400
2021-11-22,332.68911800842596,337.564302737887,327.7946362926537,328.06494140625,31031100
2021-11-23,325.38112509299714,327.6980592938018,322.01196030987296,325.98931884765625,30427600
2021-11-24,324.63782194134853,326.45274014228477,322.34987720586537,326.2113952636719,21661300
2021-11-26,322.77463147147154,326.23067700890783,316.7603067714065,318.26629638671875,24217200
2021-11-29,323.3442446492078,327.2926436665053,323.1511569453452,324.9757385253906,28563500
2021-11-30,323.71106155688426,326.0858868817991,317.6001928133879,319.1448059082031,42885600
2021-12-01,323.52768116178333,327.53400074702796,317.98641149520125,318.6524963378906,33337600
2021-12-02,318.8647490116341,321.94431112310195,316.45130092810365,318.0827941894531,30766000
2021-12-03,320.4962976310111,321.1817382170732,307.01960945389317,311.82720947265625,41779300
2021-12-06,312.7346847030442,316.1135127790288,308.1780925192748,314.8971252441406,30032600
2021-12-07,320.1583863622476,324.174338088324,318.67169407860104,323.3248291015625,31021900
2021-12-08,323.70145553369605,323.884880028301,319.34758378446827,323.37322998046875,24761000
2021-12-09,322.832576975175,324.84055346464856,320.62184956942644,321.56793212890625,22214200
2021-12-10,323.3827950413509,331.12512705634384,323.1993706024248,330.6810607910156,38095700
2021-12-13,328.8854954268182,331.88784112335867,327.3408822668036,327.6498107910156,28899400
2021-12-14,321.683712251311,323.05456390849514,312.8890909419122,316.97265625,44438700
2021-12-15,317.23333915012444,323.5855526741377,313.26564359900055,323.0642395019531,35381100
2021-12-16,324.0875129645706,325.1011790200771,311.83684591434667,313.6517639160156,35034800
2021-12-17,309.7709825901244,313.67112406852533,306.2666502470529,312.5898742675781,47750300
2021-12-20,308.96970202135424,311.6244956878622,306.5755796789902,308.8345642089844,28326500
2021-12-21,312.09752764718075,316.38381472096694,308.7283333654757,315.95904541015625,24740600
2021-12-22,316.93413627601956,322.0603000056447,314.4724298833023,321.6645202636719,24831500
2021-12-23,321.23000578456225,324.74400105600773,321.2107088019103,323.10284423828125,19617800
2021-12-27,323.84615541209826,330.6231374487701,323.8171952094219,330.59417724609375,19947000
2021-12-28,331.2699450024373,331.9070989605817,328.5379341826007,329.43572998046875,15661500
2021-12-29,329.4839910257525,332.38012934520907,327.9200810470128,330.11151123046875,15042000
2021-12-30,330.0729001077908,331.25066424671456,327.0898810628788,327.57257080078125,15994500
2021-12-31,326.7906976101597,327.6112468012234,324.22278402619173,324.676513671875,18000800
2022-01-03,323.7400001560889,326.29824977245147,318.3628296202537,323.1607666015625,28865100
2022-01-04,323.2379929252775,323.5952080741863,314.82954604404773,317.6195068359375,32674300
2022-01-05,314.5785362245669,314.7812871228152,305.04061192128523,305.4267578125,40054300
2022-01-06,302.30859850808565,307.6664726573991,300.7060649286775,303.0133361816406,39646100
2022-01-07,303.27396324795524,305.5426109592931,299.35452484498177,303.16778564453125,32720000
2022-01-10,298.77528825214137,303.82423357931884,294.1414784951119,303.3898010253906,44289500
2022-01-11,302.53064320042563,305.6488002414314,299.1614780529444,304.07525634765625,29386800
2022-01-12,308.60292838169426,312.2134388767863,306.1025691405683,307.2513732910156,34372200
2022-01-13,309.3751914637592,309.77100062212895,293.47538879376066,294.2476806640625,45366000
2022-01-14,293.7167042364733,300.0592544355826,293.2340145006697,299.4607238769531,39846400
2022-01-18,293.54294042354564,299.0745458921932,291.2935897762765,292.1720886230469,42333200
2022-01-19,295.68603516166604,303.04222074165364,292.2203269969151,292.8284912109375,45933900
2022-01-20,298.3698641905101,300.8605304633222,290.71441143988926,291.1584777832031,35380700
2022-01-21,292.21074246408233,293.58156494621363,285.37583865558236,285.78131103515625,57984400
2022-01-24,282.08391143196826,286.8238990150419,266.4930083993814,286.1095275878906,85731500
2022-01-25,281.4273563327692,284.77722360368267,275.2972214903032,278.50225830078125,72848600
2022-01-26,297.32722375809846,297.8195767322565,282.8851546395586,286.437744140625,90428900
2022-01-27,292.18181992971034,296.6611663626569,287.6155633991125,289.4594421386719,53481300
2022-01-28,289.8359242315118,297.8003058303216,284.2560313928482,297.5879211425781,49743700
2022-01-31,298.25399547736595,301.5652399492526,295.76329997634053,300.2137145996094,46444500
2022-02-01,299.66345745868625,299.875842129487,294.5662548205134,298.0705871582031,40950400
2022-02-02,298.91045860750387,304.21038262271304,298.1864239841783,302.60784912109375,36636000
2022-02-03,298.775211103378,300.4549910119151,289.5751481386821,290.82049560546875,43730000
2022-02-04,289.8165105525263,298.10911517984084,289.58482894873913,295.34814453125,35096500
2022-02-07,295.5702886097434,297.18245606272853,289.5173395906922,290.531005859375,28533300
2022-02-08,290.8205570951065,294.9813401359987,289.5655756040924,294.0159606933594,32421200
2022-02-09,299.1421250545375,301.1308043619736,296.7480028768317,300.43572998046875,31284700
2022-02-10,293.5140020692782,298.41811714419794,290.289637957717,291.9114685058594,45386200
2022-02-11,292.69342951887205,293.7553529211515,284.03397373558494,284.8255920410156,39175600
2022-02-14,283.59952937825824,286.48603416022104,281.26332745127445,284.7869567871094,36359500
2022-02-15,289.62349961792046,290.3861281751453,286.7369950149994,290.06756591796875,27058300
2022-02-16,288.6358951130052,291.0543344654578,284.0989005260468,289.7290344238281,29982100
2022-02-17,286.6913858769695,287.1170334540753,280.53889193473333,281.2450866699219,32461600
2022-02-18,283.4894271936835,284.2729991216109,276.9693246500047,278.5364685058594,34264000
2022-02-22,275.70205013593005,282.02869492098785,275.21836232867406,278.33331298828125,41736100
2022-02-23,280.71306989618563,282.18349983515145,270.9619359564501,271.1263732910156,37811200
2022-02-24,263.6195175824751,285.530567636646,262.66179572392394,284.9791564941406,56989700
2022-02-25,285.51116366838403,287.91991874751534,282.13500375559187,287.6103515625,32546700
2022-02-28,284.7082616845869,289.38070156418183,283.4410022275104,289.0421142578125,34627500
2022-03-01,286.73009989470324,290.1836376065008,282.6187539107419,285.3274230957031,31217800
2022-03-02,285.7240436842559,291.63472396488993,284.1182261639909,290.396484375,31873000
2022-03-03,293.0084486328815,293.24060936073806,284.45682121195006,286.2658386230469,27314500
2022-03-04,284.6890931146258,286.01439351952905,277.80138067438753,280.4035949707031,32356500
2022-03-07,279.1168784545169,280.2390376841762,269.4431225318955,269.81072998046875,43157200
2022-03-08,268.7369815244753,274.69601990848236,261.1914622029542,266.8506164550781,48159500
2022-03-09,274.19300190647954,280.1520404378098,271.6197787096346,279.0879211425781,35204500
2022-03-10,273.7866342304661,277.2498554429739,271.42623538275626,276.2727966308594,30628000
2022-03-11,278.56546999148014,280.0649198872489,270.31375729009164,270.9328918457031,27209300
2022-03-14,271.19408479495587,276.08900319722903,266.8215575071672,267.42132568359375,30660700
2022-03-15,271.2037785530538,278.4300760838003,269.6366346705724,277.78192138671875,34245100
2022-03-16,279.67790429313914,284.95979554587495,273.9607413197424,284.7856750488281,37826300
2022-03-17,283.7216255602985,285.96591473369335,279.92949985014275,285.5886535644531,30816600
2022-03-18,285.73368363007364,291.1800121692439,283.1798277784117,290.62860107421875,43390600
2022-03-21,289.13896564753406,290.34818539174177,285.27911614908595,289.400146484375,28351200
2022-03-22,290.01922877865013,295.04959432677754,289.0228329688514,294.1402587890625,27599700
2022-03-23,290.7060719110069,293.3373349131294,288.0070855267432,289.7193298339844,25715400
2022-03-24,289.3807198521377,294.2756374968961,288.58746486067383,294.17889404296875,24484500
2022-03-25,295.2720634104139,295.533244193088,289.52585001590114,293.7726135253906,22566500
2022-03-28,294.4014214022609,300.6603430987499,294.4014214022609,300.5636291503906,29578200
2022-03-29,303.66890108993795,305.51659216822173,298.967439967182,305.1199645996094,30393400
2022-03-30,303.52383047434716,305.6423857684407,301.414928862999,303.62054443359375,28163600
2022-03-31,303.65915116071864,304.85871680672483,297.84524471777274,298.25152587890625,33422100
2022-04-01,299.27699192361627,300.01220684451596,295.57195627521304,299.32537841796875,27110500
2022-04-04,299.9734775453708,304.8296921264754,299.605870116793,304.69427490234375,24289600
2022-04-05,303.04977502360924,304.5975820485766,299.7607035467808,300.7377624511719,23156700
2022-04-06,295.2334047517675,296.9843524811861,287.03004784034084,289.7290344238281,40110400
2022-04-07,286.9816333071018,293.7435789334034,286.6817492492974,291.5379638671875,31411200
2022-04-08,290.6383190722913,291.2961273756615,286.6140331520905,287.2815246582031,24361900
2022-04-11,282.2704820396031,283.0637074472377,275.7019946723153,275.9535217285156,34569300
2022-04-12,279.80372121494815,281.25478467779203,271.33918434835886,272.85797119140625,30966700
2022-04-13,273.5061508141746,279.1652752180004,272.12278108336227,278.2366027832031,21907200
2022-04-14,278.691277815096,278.9041016621508,270.2074030686159,270.70074462890625,28221600
2022-04-18,269.81073402373755,273.2449056189471,269.25932284261444,271.3681945800781,20778000
2022-04-19,270.2654313652648,276.8339207213191,269.3270757429713,275.9922790527344,22297700
2022-04-20,279.9585306840921,280.2487611166092,276.0600076685243,277.0177001953125,22906700
2022-04-21,279.1652091753969,283.7312227224096,270.9231805322284,271.6487121582031,29454600
2022-04-22,272.49035276111147,273.9607825716903,264.4611470651918,265.0899353027344,29405800
2022-04-25,264.3740527877632,271.93890659301337,261.93624768786924,271.5616455078125,35678900
2022-04-26,268.4467290276918,269.2786578732366,261.1914120269434,261.40423583984375,46518400
2022-04-27,272.89667705103636,281.4772943518781,270.05259027534413,273.9801330566406,63477700
2022-04-28,275.88584973003594,281.4869627202717,272.2775281140742,280.1809997558594,33646600
2022-04-29,279.1942879944,280.4228740335642,267.4793823797048,268.4660949707031,37073900
2022-05-02,268.6498925117606,275.6440293239036,267.2085121919129,275.1893615722656,35151100
2022-05-03,274.6959996581533,274.8604665193033,271.0103005471974,272.5871276855469,25978600
2022-05-04,273.37070203873003,281.3902550491014,267.7018944721031,280.5196228027344,33599300
2022-05-05,276.22441306115445,277.0079848672341,265.3897954748828,268.3016052246094,43260400
2022-05-06,265.84443636998407,270.13958558945643,262.4199191226848,265.7670593261719,37780300
2022-05-09,261.24939362131454,263.47434519385956,254.7292929856696,255.9481658935547,47726000
2022-05-10,262.82634968395604,264.8191415931829,256.42232621624953,260.7077941894531,39336400
2022-05-11,257.0123860481499,262.50707330568844,250.84052394661964,252.04974365234375,48975900
2022-05-12,249.2830495439515,251.40160471462247,241.86327960551176,247.01939392089844,51033800
2022-05-13,248.95410945636132,254.45847882495977,247.0193583116015,252.60110473632812,34925100
2022-05-16,251.47896796071555,257.14780467191986,247.43534479276178,252.96873474121094,32550900
2022-05-17,257.42831538498064,259.5758904699336,253.8974002308721,258.11517333984375,28828800
2022-05-18,255.0123207754405,255.5941038512464,245.09302437999344,246.3632354736328,31356000
2022-05-19,246.1887405470746,249.8442599742027,244.23010107031448,245.4518280029297,32692300
2022-05-20,249.42729026419417,250.68782539404745,238.9553115969885,244.88943481445312,39199300
2022-05-23,247.73049081283042,253.55795512434815,245.7330428682586,252.7337646484375,33175400
2022-05-24,250.05754672530148,253.3930420574841,245.80086274871203,251.7349853515625,29043900
2022-05-25,250.29997184139762,256.5443535711688,249.32063736572647,254.5469207763672,28547900
2022-05-26,254.30452267342017,258.9975222921612,253.49003807090028,257.82427978515625,25002100
2022-05-27,260.32596255899296,265.03834453491794,259.4338910030426,264.9413757324219,26910800
2022-05-31,264.2529346305631,266.4248936649032,260.7622650462861,263.61297607421875,37827700
2022-06-01,266.84183742859545,269.2562034890883,261.8385496478532,264.1462707519531,25292200
2022-06-02,256.4183761716005,266.3085732639041,253.65492786980764,266.2406921386719,44008200
2022-06-03,262.10032291361057,265.14497113506803,260.25803436231683,261.8191223144531,28059000
2022-06-06,263.7971760802352,265.85278414550214,259.10417682407206,260.58770751953125,22400300
2022-06-07,258.54183590473656,264.83471731044557,257.8630839124664,264.2238464355469,22860700
2022-06-08,263.4578322605081,264.7086616945771,261.4216058677899,262.19732666015625,17372300
2022-06-09,259.6472278413425,264.4274912567582,256.59290269880853,256.748046875,26439700
2022-06-10,252.66584504493977,252.66584504493977,244.86034549346968,245.30638122558594,31422800
2022-06-13,237.66568457400948,241.4569362354191,234.19441215005645,234.90223693847656,46135800
2022-06-14,236.45364337563802,238.27654997365488,234.17501012811695,237.06451416015625,28651500
2022-06-15,240.76849254553994,247.54620227137175,238.9358949520811,244.11370849609375,33111700
2022-06-16,238.5092880231499,239.9055558620673,235.639195061252,237.52996826171875,33169200
2022-06-17,237.26815342919429,242.892003168209,236.61850393867869,240.12855529785156,43084800
2022-06-21,242.65928121254296,247.0129195467826,241.9320596633375,246.03359985351562,29928300
2022-06-22,244.23977847011096,249.3594317398159,242.7659386682965,245.44212341308594,25939900
2022-06-23,247.8080051297893,251.49258222219643,245.9269231515667,250.99806213378906,25861400
2022-06-24,253.8584834422403,259.8411054436494,253.7712204115489,259.5696105957031,33923200
2022-06-27,260.06414652554236,260.151409571475,255.28388337930917,256.8450012207031,24615100
2022-06-28,255.96258358137382,258.8035884452092,248.5352245163049,248.69036865234375,27295500
2022-06-29,249.76669921288493,254.01367843439704,247.99227659013485,252.35562133789062,20069800
2022-06-30,249.24305888897192,251.64774884681984,245.21910548593416,249.0297393798828,31730900
2022-07-01,248.60313941391496,251.88045986451053,246.877186557772,251.69622802734375,22837700
2022-07-05,248.3800943919095,254.99296930885941,247.0032233964507,254.86691284179688,22941000
2022-07-06,255.73956910040374,259.8507853109402,254.430564439945,258.1248474121094,23824400
2022-07-07,257.06794077182286,260.88827998765817,256.9709719895022,260.2483215332031,20859900
2022-07-08,256.74802329517996,259.95749231914675,255.29358006652834,259.5308532714844,19658800
2022-07-11,257.5818628153171,258.4351408209991,254.2172499828831,256.47650146484375,19455200
2022-07-12,257.8048705865574,257.863045938388,244.3851988057814,245.9656982421875,35868500
2022-07-13,242.5914416607407,245.84939515245566,240.5746118996446,245.0446014404297,29497400
2022-07-14,242.95984442763555,247.3910394182461,238.47045929315783,246.3632354736328,25102800
2022-07-15,247.95346694603754,252.46223474835,247.03232258587656,248.923095703125,29774100
2022-07-18,251.8610491607276,252.91794086907208,245.60694714545224,246.52809143066406,20975000
2022-07-19,249.75699322481967,251.8320132260373,245.9754465210434,251.6477813720703,25012600
2022-07-20,252.00644378440188,256.82549866184206,251.04652102870725,254.30445861816406,22788300
2022-07-21,251.8998947859146,256.8450079874524,249.2237096105759,256.7965087890625,22404700
2022-07-22,257.1843229934879,257.2715860310557,251.20173011136725,252.45252990722656,21881300
2022-07-25,253.07311691629897,253.55793131652177,249.01036987517415,250.96900939941406,21056000
2022-07-26,251.9677179235894,251.98712943704783,241.9902591873935,244.24948120117188,39348000
2022-07-27,253.22823052881697,261.84821413779025,250.9883906372331,260.5780029296875,45994000
2022-07-28,261.55740447896596,269.4016989901171,259.73449735178815,268.01513671875,33459300
2022-07-29,269.2659119581238,273.43530368872024,268.2284021083121,272.21356201171875,32152800
2022-08-01,269.3822659732868,272.7371731572371,267.4623903988592,269.5664978027344,21539600
2022-08-02,267.6175128829661,269.45012527255744,264.1074618325668,266.4733581542969,22754200
2022-08-03,268.3544501034442,274.8897381119249,268.20898212498906,273.8910217285156,23518900
2022-08-04,273.24133735808226,275.18059462702735,271.6608675400947,275.03515625,18098700
2022-08-05,270.6719043348699,275.03523443029735,270.2161775634962,274.3177185058594,16774600
2022-08-08,275.4230317107007,277.23626231037696,270.83670670939483,271.80633544921875,18739200
2022-08-09,271.1469795107976,274.48247496169216,269.17860487436343,273.7261657714844,23405200
2022-08-10,279.41788477875497,281.0080602847514,278.2252309562204,280.3778076171875,24687800
2022-08-11,282.0165514391727,282.3656036148159,277.80836586315127,278.3028564453125,20065900
2022-08-12,279.7184922528835,283.0443115234375,278.22525580031515,283.0443115234375,22619700
2022-08-15,282.16199190447594,285.2454045080501,281.29900803496633,284.5569763183594,18085700
2022-08-16,283.12190392197317,285.1096607169614,281.5996091944976,283.8200378417969,18102900
2022-08-17,281.5365868037145,285.0443923547638,281.2742419844088,283.0718688964844,18253400
2022-08-18,281.9737992817374,283.64510179006146,280.89521149700556,281.9543762207031,17186200
2022-08-19,280.72035691439993,281.06045328122894,277.47492602525494,278.0482177734375,20570000
2022-08-22,274.0934387624706,274.4626845439324,269.3710544716456,269.88604736328125,25061100
2022-08-23,268.6131591796875,270.96462513583367,267.6025963871895,268.6131591796875,17527400
2022-08-24,267.6122606253299,269.38073768829963,267.3207367981383,267.98150634765625,18137000
2022-08-25,269.47797267194653,271.12012625710213,266.7475342701632,270.9549560546875,16583400
2022-08-26,271.1783719738918,272.40270697945806,260.3926709090645,260.4995422363281,27549300
2022-08-29,258.3228999584391,259.8290023935993,256.379526672543,257.720458984375,20338500
2022-08-30,259.11974353789395,259.4889596293657,253.27989612081268,255.5244903564453,22767100
2022-08-31,257.87605840942985,259.5473317845383,253.93098143017062,254.06703186035156,24791800
2022-09-01,251.54058765801105,253.50341421016233,248.17855922552292,253.0272674560547,23263400
2022-09-02,254.2904786042123,257.2443854879001,247.26517150345208,248.81015014648438,22855400
2022-09-06,248.9462001827662,250.5300249496929,244.80680442412418,246.0797119140625,21328200
2022-09-07,247.4886209447781,251.50167728090952,246.05052865580473,250.7826385498047,24126700
2022-09-08,250.21910163068787,253.05641075595742,247.57609726538706,251.2004852294922,20319900
2022-09-09,253.12441850602798,257.7205078743252,252.92037257528756,256.9722900390625,22084700
2022-09-12,258.25491798547915,259.8776479982531,257.65247691062,259.10028076171875,18747700
2022-09-13,251.51143896600806,253.0272681898394,244.4667087917609,244.8553924560547,33353300
2022-09-14,246.35178015556986,247.03195802459214,242.78569098884205,245.07887268066406,23913000
2022-09-15,242.69826140604198,244.28210110293705,237.11106126505769,238.43255615234375,31530900
2022-09-16,237.34421807736706,238.35478067639863,235.20651003185853,237.81063842773438,39791800
2022-09-19,235.60490186828736,238.19930387024996,234.03077398157757,237.59686279296875,26826900
2022-09-20,235.21627927599923,236.61549610192634,232.85507215538624,235.58551025390625,26660300
2022-09-21,237.35395148181902,240.64796931692138,232.13598300454865,232.1845703125,28625600
2022-09-22,231.1351576468061,236.9555675025579,230.8436634388637,234.1571044921875,31061200
2022-09-23,232.75784365187135,234.30283689307328,228.54072660512506,231.1837158203125,34176000
2022-09-26,230.33838195306527,234.61379837015886,230.19262002242195,230.72705078125,27694200
2022-09-27,233.18542153198845,234.95389883278438,227.86058139335248,229.7165069580078,27018700
2022-09-28,230.10517219200622,235.46888802626256,228.0840616627681,234.24456787109375,29029700
2022-09-29,232.1262942883284,233.15628008036532,227.77314091515188,230.77565002441406,27484200
2022-09-30,231.54326959007867,233.72956515957875,226.14069268839654,226.30587768554688,35694800
2022-10-03,228.7448264993668,234.76928257243102,228.01606129310665,233.92391967773438,28880400
2022-10-04,238.15074851262196,243.27154283676492,238.04386235617537,241.8334503173828,34888400
2022-10-05,239.0252719369114,243.48531136271737,237.18878424235803,242.14437866210938,20347100
2022-10-06,240.9103348181627,243.25210389130189,239.11272288342423,239.8026123046875,20239900
2022-10-07,234.07936404235068,234.4874855805171,226.56822859279998,227.60794067382812,37769600
2022-10-10,226.45161389079223,227.91885563531727,220.3105461386793,222.7592010498047,29743600
2022-10-11,221.17535850206903,222.5745899538486,217.76474295842993,219.02793884277344,30474000
2022-10-12,219.01821055578878,221.40856673598395,217.6189939430992,219.35830688476562,21903900
2022-10-13,213.6253670289897,229.4152788681851,212.92575128751184,227.60794067382812,42551800
2022-10-14,228.87113093564267,230.5230105633838,221.87498806713398,222.08876037597656,30198600
2022-10-17,229.1431876734247,232.1942836241064,228.48243294129364,230.8047637939453,28142300
2022-10-18,236.35313103627706,237.02358255454533,228.70594491704173,231.74732971191406,26329600
2022-10-19,230.32864238101766,232.8258846804723,227.65650356694331,229.7845001220703,19985700
2022-10-20,229.09462099466492,234.47775981300623,228.22009390223283,229.46385192871094,21811000
2022-10-21,228.09374779836082,236.11987483154329,227.86053764607777,235.26478576660156,26299700
2022-10-24,236.8584104094097,240.82289502521482,234.468068766806,240.24960327148438,24911200
2022-10-25,240.2592747562869,243.9322497035884,238.8697697379953,243.56301879882812,34775500
2022-10-26,224.62483744809148,231.55296912820415,223.5462644989959,224.77059936523438,82543200
2022-10-27,224.49851650888635,227.0734954795491,219.38744917013727,220.32998657226562,40424600
2022-10-28,219.83445281769383,229.9011298424008,219.64982993170372,229.19178771972656,40647700
2022-10-31,227.14150237504404,228.2686626281402,224.60539921895975,225.5576629638672,28357300
2022-11-01,227.95774742393274,229.0654698713663,220.89357967203034,221.7097930908203,30592300
2022-11-02,222.96325992629187,224.75116008206982,213.80995721146994,213.86827087402344,38407000
2022-11-03,213.85856200928737,214.16950892795055,207.9215545752939,208.1839141845703,36633900
2022-11-04,211.39047595404304,215.31608428144708,207.38711607311453,215.1217498779297,36789100
2022-11-07,215.70478029409642,221.9430084136209,215.01487607123818,221.4182891845703,33498000
2022-11-08,222.22479913107526,225.09127262477088,219.44577390313017,222.38998413085938,28192500
2022-11-09,220.93242142810288,222.15675627667915,217.97850010051374,218.1533966064453,27852900
2022-11-10,228.764240055821,236.44057547213717,228.34642180511014,236.10047912597656,46268000
2022-11-11,236.1101955294159,240.9686298310699,235.0801950029828,240.11354064941406,34620200
2022-11-14,235.1384973289977,237.00413423164647,232.437209173695,234.71095275878906,31123300
2022-11-15,238.7045911196065,240.0066479183107,233.2339895014383,235.1190643310547,31390100
2022-11-16,236.58070947272424,237.5648885308963,234.271326294768,235.54782104492188,24093300
2022-11-17,231.6988319904281,237.02893923380267,231.5526741520921,235.49908447265625,23123500
2022-11-18,237.2823156083128,237.50644414793118,232.91689413023886,235.05088806152344,27613500
2022-11-21,235.25549585436693,238.4126392167858,235.02164329544348,235.85964965820312,26394700
2022-11-22,237.36025293713024,239.0362656262226,234.55391821119068,238.763427734375,19665700
2022-11-23,238.8413830694947,241.93030944994973,238.02286939557064,241.2482147216797,19508500
2022-11-25,240.98508768019255,242.33953807886874,240.4199192943966,241.16049194335938,9200800
2022-11-28,239.7865813482157,240.34199604159997,234.64161691636573,235.57705688476562,24778200
2022-11-29,235.22623623628454,236.58068666323004,232.11783235235237,234.18360900878906,17956300
2022-11-30,234.41749940509243,248.80001134833023,233.72565090628407,248.6148681640625,47594200
2022-12-01,247.37734047819936,249.56979735290415,244.50278888285192,248.17637634277344,26041500
2022-12-02,243.43090166559634,249.51130517453961,243.30422163631067,248.49790954589844,21528500
2022-12-05,245.56491592032455,247.32863821310553,241.7159389367775,243.80120849609375,23435300
2022-12-06,244.40532476150193,245.41872038156708,237.5453633369683,238.85108947753906,22463700
2022-12-07,238.5685118877335,239.86449912487623,236.0155227459376,238.12026977539062,20481500
2022-12-08,238.57825833331165,242.3785254696705,236.8437826963573,241.07278442382812,22611800
2022-12-09,238.44187570641893,241.9595517487918,237.91569256943419,239.14346313476562,20609700
2022-12-12,241.12151949404333,246.0813403319802,240.84868161991452,246.05210876464844,30665100
2022-12-13,254.99733220148903,257.1703110963209,246.59779176063924,250.34933471679688,42196900
2022-12-14,250.55396789409684,255.87432140305884,247.80608156750714,250.64166259765625,35410900
2022-12-15,247.2311661145022,247.69888605332656,241.01432850057725,242.64161682128906,35560400
2022-12-16,242.1933801579508,243.45038209121776,237.2822689508212,238.43209838867188,86102000
2022-12-19,238.59774028481047,238.93879503110043,232.60503162349835,234.30052185058594,29696400
2022-12-20,233.2773983167744,236.69764045155708,232.32246573736623,235.61602783203125,25150800
2022-12-21,235.5088410448142,239.33832514030232,233.9692473656318,238.1787567138672,23690600
2022-12-22,235.08983601075406,235.8011771653982,227.88883383804284,232.09835815429688,28651700
2022-12-23,230.07153767696204,232.7609459126413,227.95703674860303,232.62452697753906,21207000
2022-12-27,232.59531655901404,232.81943021522733,229.79872070086748,230.8998260498047,16688600
2022-12-28,230.83161149343562,233.58923690976746,228.1811734561326,228.53196716308594,17457100
2022-12-29,229.62330203859167,235.73295246137508,229.62330203859167,234.84622192382812,19770700
2022-12-30,232.11785074167162,233.82309496882053,230.60748859534408,233.68667602539062,21938500
2023-01-03,236.86330844238375,239.46502226115788,231.32856489611547,233.45281982421875,25740000
2023-01-04,226.33947913786812,226.91438642438956,220.18111974505624,223.24081420898438,50623400
2023-01-05,221.3894202164649,221.73047501122883,216.08854432449274,216.62448120117188,39585600
2023-01-06,217.2968261609176,219.98623444144232,213.74018002094996,219.17745971679688,43613600
2023-01-09,220.65859925614794,225.3261046224166,220.61962878753835,221.31146240234375,27369800
2023-01-10,221.93508808498302,225.39430067277652,221.516092367223,222.99722290039062,27033900
2023-01-11,225.37478378944797,229.91560850427538,225.19939440138353,229.74021911621094,28669300
2023-01-12,229.2432592016942,233.76459137721616,227.58673939319505,232.41014099121094,27269500
2023-01-13,230.93877604519966,233.24815904771603,228.91196981298216,233.1117401123047,21333300
2023-01-17,231.883988045912,234.7488007848325,231.02648903057522,234.203125,29831300
2023-01-18,235.39190402162816,236.18118605908887,229.49662855484155,229.77920532226562,30028700
2023-01-19,227.80113628343994,229.49664158993286,224.78041202749904,225.99844360351562,28623000
2023-01-20,228.85354125374235,234.58316714373575,228.51248642941374,234.0764617919922,35389800
2023-01-23,234.9339381400993,238.89984125052814,233.5210096061912,236.37608337402344,31934000
2023-01-24,236.2981567717687,237.71107061174527,234.29084284991282,235.84991455078125,40234400
2023-01-25,228.4832349642451,237.07767305092727,224.99479068566467,234.4564666748047,66526600
2023-01-26,237.41871476554942,241.95954016253594,235.81091899256552,241.657470703125,33454500
2023-01-27,242.62215978962465,243.4406734697651,240.51739758193492,241.81338500976562,26498900
2023-01-30,238.25671541727394,239.31885025276583,236.00579544141553,236.5027618408203,25867400
2023-01-31,237.22381085108213,241.6087242304683,236.73659825337256,241.47230529785156,26541100
2023-02-01,241.65747529132665,248.65384183422793,239.1921804627177,246.28599548339844,31259900
2023-02-02,252.20073974099043,257.92061096012765,250.6708850258921,257.8329162597656,39940400
2023-02-03,252.90233575146593,257.44316094972766,250.52473578092378,251.74276733398438,29077300
2023-02-06,250.85600290857124,251.69399423007144,248.26402854533762,250.203125,22518000
2023-02-07,253.8670156294018,261.8962703770989,253.42851236094478,260.71722412109375,50841400
2023-02-08,266.21294831317726,269.68189927846043,259.40169666602293,259.9084167480469,54686000
2023-02-09,266.7976964505492,266.9731156449879,256.0790156916036,256.8780517578125,42375100
2023-02-10,254.8414524853322,257.3359789229723,253.99370721574917,256.3713073730469,25818500
2023-02-13,260.7951349122666,267.57712494054994,260.317646416074,264.3810119628906,44630900
2023-02-14,265.69656324255214,267.9377295681392,262.39324715689656,265.2093505859375,37047900
2023-02-15,262.1126422431033,264.4668924311176,260.0221350925757,263.0895080566406,28922400
2023-02-16,257.91212263576193,260.569199060256,255.8411717100615,256.08538818359375,29603600
2023-02-17,253.38921392498247,254.0730020433987,250.07762481803098,252.0899658203125,30000100
2023-02-21,248.5928473067925,249.57949147395604,245.7697052561427,246.82472229003906,28397400
2023-02-22,248.21185945581914,248.4560759372167,244.54861223485597,245.69154357910156,22491100
2023-02-23,249.64786195781076,250.89824919216971,244.68538110016482,248.8761444091797,29219100
2023-02-24,244.177384356293,245.19331823985505,242.36041335398122,243.45449829101562,24990900
2023-02-27,246.61956672286158,246.9712390360351,243.62058131527203,244.37277221679688,21190000
2023-02-28,243.30799296891402,245.6720066203372,242.9758472398355,243.64988708496094,22491000
2023-03-01,244.95888751265778,245.12495292682374,240.10386280126266,240.57276916503906,27565300
2023-03-02,240.8462903940092,245.5840810609681,239.9280340639678,245.30079650878906,24808200
2023-03-03,246.35583390228538,249.70647705919302,245.57433813705987,249.3841094970703,30760100
2023-03-06,250.49771263487295,254.10235014838744,250.05812596620328,250.9275360107422,24109800
2023-03-07,250.37071775470054,251.72857566259853,247.52804931967242,248.2704620361328,21473200
2023-03-08,248.16298712568516,248.65142003720348,245.0077146908978,247.8308563232422,17340200
2023-03-09,249.90184935839267,253.55531839675493,245.75993244925678,246.48281860351562,26653400
2023-03-10,245.27149758216976,246.94192996221227,241.87200834587694,242.83909606933594,28333900
2023-03-13,241.67659194545388,251.94346100015755,240.04522785498133,248.04576110839844,33339700
2023-03-14,250.8103048487011,255.03037243949342,249.94089484584663,254.75685119628906,33620300
2023-03-15,253.96563633216905,260.3152654051746,253.21343042410643,259.29931640625,46028000
2023-03-16,259.0746462505788,270.1620822859904,257.18930185989086,269.8104248046875,54768800
2023-03-17,271.8226599941095,276.77534645038565,269.92753814579834,272.965576171875,69527400
2023-03-20,270.57233358465885,271.0607665452562,263.607274796688,265.9322204589844,43466600
2023-03-21,268.5209085708176,268.6381277112385,263.28489174322317,267.44635009765625,34558700
2023-03-22,267.07515164944215,274.538422009309,265.8833739672702,265.9908447265625,34873300
2023-03-23,271.51012405626466,274.55794104511676,268.83352089762093,271.2366027832031,36610900
2023-03-24,270.8263345400217,274.13792476370173,268.91168542659534,274.0793151855469,28172000
2023-03-27,274.0108578776161,274.94864070171997,269.14605544409125,269.9861755371094,26840200
2023-03-28,269.4098354483097,269.7517444509293,265.7563369743328,268.86279296875,21878600
2023-03-29,272.5065307325749,274.63612126718954,271.96926635776106,274.02069091796875,25087000
2023-03-30,277.65461829253616,277.8792783804837,274.9682369436602,277.478759765625,25053400
2023-03-31,277.1661475082968,282.57796264121714,276.45302473352956,281.6304016113281,32766000
2023-04-03,279.89160882011697,281.60112415662576,277.3810860970175,280.585205078125,24883300
2023-04-04,280.585207618267,283.7307170583828,279.0612991751383,280.5363464355469,25824300
2023-04-05,279.2371622142725,280.5070761358077,276.3749518849941,277.7620849609375,22064800
2023-04-06,276.65823572723315,285.32303313576494,275.50554090112394,284.8541564941406,29770300
2023-04-10,282.5194234357062,282.90041550673965,278.12352618795103,282.6952819824219,23103000
2023-04-11,279.1394798674935,279.3641697960585,275.1245746241053,276.2870178222656,27276600
2023-04-12,278.20164520430563,280.37028867291156,275.43709804068334,276.93170166015625,27403400
2023-04-13,277.0293546827045,283.1933751851199,276.6190877618653,283.134765625,24222700
2023-04-14,280.36050660414264,281.8062788337825,277.1270829372931,279.5204162597656,20987900
2023-04-17,283.22275986400075,284.8541392450977,279.53998567684334,282.118896484375,23836200
2023-04-18,284.8248357623357,285.0104426931192,280.3703290467019,281.6988525390625,20161800
2023-04-19,279.3738962456723,282.36310380411163,277.957458440505,281.7770080566406,17150300
2023-04-20,278.65093764946266,282.34348875959375,278.4848573653218,279.49102783203125,23244400
2023-04-21,278.41655103724565,279.6473817610795,276.511650666874,279.1492004394531,21676400
2023-04-24,275.5640690535179,278.3579207345042,272.27203608801597,275.25146484375,26611000
2023-04-25,273.0438095298006,275.085455775241,268.9995702123378,269.0484313964844,45772200
2023-04-26,289.8361135268747,292.63971378431694,285.95795485763057,288.536865234375,64599200
2023-04-27,289.12302732036886,298.1395111111619,288.4196826173737,297.7780456542969,46462600
2023-04-28,296.9770409817703,301.78320498757233,296.2932228599409,300.15185546875,36469600
2023-05-01,299.8685037767096,301.4607998428203,298.0906008187468,298.4911193847656,21294100
2023-05-02,300.6402759672235,302.0274089293755,296.87933607669675,298.3446350097656,26404400
2023-05-03,299.5266454015473,301.47059918400157,297.05517563669,297.3580017089844,22360800
2023-05-04,299.15542063563385,300.6402759672235,296.38112489974674,298.3446350097656,22519900
2023-05-05,298.6473772180535,304.75278772492237,297.23091005583007,303.46331787109375,28197100
2023-05-08,302.9554464323352,303.02383420465094,299.0088995873121,301.5096740722656,21318600
2023-05-09,300.8746930349145,302.86750779057024,299.2237873018419,299.8978271484375,21340800
2023-05-10,301.4803538446717,305.75903132119197,300.55234911259487,305.0849914550781,30078000
2023-05-11,302.9260731476362,303.92246547425293,299.1749122684255,302.9358215332031,31680200
2023-05-12,303.36570066728314,303.4633932219653,299.50709815578426,301.822265625,19774700
2023-05-15,301.94930688136526,302.73078780931957,300.47422958239594,302.30096435546875,16336500
2023-05-16,302.66231993782725,306.4525640397429,302.66231993782725,304.52813720703125,26730300
2023-05-17,305.73234911232737,307.8273965281547,304.2148790483357,307.40643310546875,24315000
2023-05-18,307.925276324525,312.34058172844885,307.1322876651915,311.83148193359375,27276000
2023-05-19,310.0888957303577,312.05669811668946,309.7266699904712,311.6553039550781,27546700
2023-05-22,311.90982815472574,315.8160338813464,311.33222095812204,314.4356384277344,24115700
2023-05-23,313.30984092975706,315.94335728832465,308.6302150731237,308.6400146484375,30797200
2023-05-24,308.1211390989395,309.8539609209706,306.04563091509715,307.2596130371094,23384900
2023-05-25,316.4523344322346,320.03548236533913,313.28038014383674,319.0760803222656,43301700
2023-05-26,317.2159833240213,326.3990200914225,317.07893868101803,325.8997497558594,36630600
2023-05-30,328.19067091699185,328.6899413465032,323.5795525189351,324.25506591796875,29503100
2023-05-31,325.31242368593024,328.88577326121145,320.45655463188933,321.49432373046875,45950600
2023-06-01,319.08595932190417,326.52637687440887,317.901375844191,325.5963134765625,26773900
2023-06-02,327.2312100565703,330.41296452982044,325.56689576601605,328.3570556640625,25873800
2023-06-05,328.18085996410906,331.45072114916485,327.6326215544442,328.8857421875,21307100
2023-06-06,328.2885029579965,328.32767137670015,325.19488504565373,326.67315673828125,20396200
2023-06-07,324.6857457660722,327.4661056210727,315.72789065764636,316.58941650390625,40717100
2023-06-08,317.1377341007984,319.78104998315,316.5601268268705,318.4300231933594,23277700
2023-06-09,318.16560575678255,323.06061199262587,317.59779817919343,319.9278259277344,22529000
2023-06-12,321.6802383812358,325.1263421252022,318.3320706206992,324.881591796875,24260300
2023-06-13,327.44659882342825,329.90390189326365,323.4522862648796,327.2703857421875,22951300
2023-06-14,327.3193130414061,331.9206314111561,325.82144214687054,330.2563171386719,26003800
2023-06-15,330.393414820895,342.4938582086499,330.1192956143464,340.7904052734375,38899100
2023-06-16,343.9428148643849,344.08965911433876,334.76957557062366,335.1415710449219,46552000
2023-06-20,332.18490609503823,334.89672875576605,328.8073398893107,330.95135498046875,26375400
2023-06-21,329.30668603957923,330.6381434386612,325.0969920993696,326.5556945800781,25117800
2023-06-22,327.1039241601426,332.9779322220441,326.3403043071654,332.5765380859375,23556800
2023-06-23,327.3389018615229,330.8633129640672,326.4480368570244,327.98504638671875,23146900
2023-06-26,326.7122799210399,329.05207724068504,321.5920929166496,321.6997985839844,21520600
2023-06-27,324.8913794122553,329.0913036434743,322.38513830210024,327.54449462890625,24354100
2023-06-28,327.6325630227013,330.8828543541571,326.8004059820262,328.7975769042969,20259500
2023-06-29,327.6815778955593,329.05217399593215,325.6354683820109,328.0144348144531,16997000
2023-06-30,330.6576772264797,335.5331142814067,330.11923848147313,333.38909912109375,26832800
2023-07-03,332.067483294419,333.7415673029559,329.5025044373006,330.8926696777344,12508700
2023-07-05,328.05357452169636,334.4758212956056,327.701148359632,331.04931640625,18172400
2023-07-06,330.21715360852994,335.78767385230776,328.45496307477555,334.1037902832031,28161200
2023-07-07,332.1947331986414,334.6128676404688,329.92344297863576,330.1388244628906,21214800
2023-07-10,327.57388310031735,328.1906587789502,320.71107354380314,324.8620300292969,32791400
2023-07-11,324.1081605217917,325.8703508704989,320.13341772549273,325.4885559082031,26698200
2023-07-12,329.53185591792584,334.4758007177013,328.62139184518895,330.1192626953125,29995300
2023-07-13,332.42968950843436,336.52190790090776,331.9010204242932,335.464599609375,20567200
2023-07-14,340.2910459095937,344.0504071797022,337.0799229574127,337.9903869628906,28352700
2023-07-17,338.4211553009667,339.70364458763055,335.0142499676755,338.4701232910156,20363900
2023-07-18,338.56805969742885,359.0781521098167,334.98494066726425,351.94122314453125,64738600
2023-07-19,354.15376240808007,354.84884504828324,345.03926161088305,347.6238098144531,39732900
2023-07-20,346.1455024073654,350.4531022216543,338.11767966688456,339.586181640625,33778400
2023-07-21,341.81839434405475,342.9442401812977,332.69409248373796,336.5513610839844,69405400
2023-07-24,338.5876099496475,339.63514852458513,335.1219369374352,337.8631286621094,26678100
2023-07-25,339.82113359671973,344.5007885845888,337.8239924166346,343.6098937988281,41637700
2023-07-26,334.2702247265649,337.43240985586726,326.11512671611416,330.6772766113281,58383700
2023-07-27,333.33039238314757,334.1625196341891,322.1403841798644,323.77532958984375,39635300
2023-07-28,326.6634206723763,332.8702861605579,326.17391995680913,331.26470947265625,28484900
2023-07-31,329.8451818704879,330.60880180685933,326.3599092198598,328.8661804199219,25446000
2023-08-01,328.15143723260553,331.4310974539715,326.6927349046381,329.27728271484375,18311900
2023-08-02,326.6242697138595,326.6242697138595,319.506909807834,320.62298583984375,27761300
2023-08-03,319.1544231849884,322.9529530019484,319.10548507078215,319.8005676269531,18253700
2023-08-04,324.9109448563175,328.1024985432112,320.36836464241367,320.89703369140625,23741500
2023-08-07,321.4746479067205,324.15710187316535,320.64249083722723,323.1781005859375,17741500
2023-08-08,320.094294531756,321.84671543145896,316.21745729083267,319.2033996582031,22327600
2023-08-09,319.6146411443904,320.2411866081632,314.3084395325247,315.46368408203125,22373300
2023-08-10,319.1740674354457,321.3670511745829,314.43570362465357,316.1489562988281,20113700
2023-08-11,313.53500552400016,315.63985260966695,312.5070361030333,314.2692565917969,24355500
2023-08-14,314.6413087197182,317.2552260127922,313.3587892587537,317.23565673828125,18836100
2023-08-15,316.21745534246327,318.2635647035866,314.16154640668196,315.10137939453125,16966300
2023-08-16,314.72857479436016,318.2800883607637,313.7475006460735,314.3361511230469,20698900
2023-08-17,314.4734552303401,315.77827042233105,310.2253882210739,310.8827209472656,21257200
2023-08-18,308.53805918730814,312.3544527359379,305.65369823641936,310.49041748046875,24755000
2023-08-21,311.9129223112844,316.66131798487817,311.03978181664064,315.7881774902344,24040000
2023-08-22,319.3396208763862,319.9086306831472,315.37607311272194,316.3571472167969,16084600
2023-08-23,317.69144015108157,322.96962389693414,317.33823788637403,320.8112487792969,21166400
2023-08-24,326.5505151261544,326.67805954758404,313.9044558013969,313.9142761230469,23281400
2023-08-25,315.3858781640861,319.20224067535247,312.76639725943465,316.8673095703125,21684100
2023-08-28,319.4966275172615,319.97734429438725,315.63119277463596,317.57373046875,14808500
2023-08-29,315.7881368695037,322.7537689845137,315.7881368695037,322.1945495605469,19284600
2023-08-30,322.4496892096442,323.5680982937767,320.2717031615859,322.5674133300781,15222100
2023-08-31,322.9696339885842,324.6472624633452,320.5954212849975,321.556884765625,26411000
2023-09-01,325.039690493004,325.7068137627579,320.5954255688949,322.4398498535156,14942000
2023-09-05,322.7734288181467,328.512719178751,322.4398671653608,327.2373046875,18553900
2023-09-06,327.0704931119819,328.13003998213503,323.9310439692956,326.5799560546875,17535800
2023-09-07,325.0200859411969,326.7761872339446,322.8028486285546,323.66619873046875,18381000
2023-09-08,323.8427514132207,329.79787848396427,323.2246699296337,327.9436340332031,19530100
2023-09-11,330.8574560496714,332.01514636855427,329.0817141298704,331.5442199707031,16583300
2023-09-12,329.4643042616368,330.4159473154807,325.20644635330586,325.4909362792969,17565500
2023-09-13,325.0396960586879,330.4748555977099,324.90236123727334,329.6997985839844,16544400
2023-09-14,332.7312602833099,334.4088885367708,330.2001023910707,332.289794921875,20267000
2023-09-15,330.54351516502703,331.0144115945299,323.4110869464427,323.9703063964844,37679800
2023-09-18,321.59608191122635,324.14688059021836,320.1833327948617,322.8322448730469,16834200
2023-09-19,319.9969481018416,323.15600785929996,318.36836152476627,322.42999267578125,16505900
2023-09-20,323.27376651009695,323.35223927183466,314.44409878418986,314.69915771484375,21436500
2023-09-21,313.2176952609193,319.19243233651446,309.03831043424583,313.4825744628906,35560400
2023-09-22,315.2388038490683,315.366348299517,310.16663650283107,311.0103759765625,21447900
2023-09-25,310.59824108043864,311.65781785899316,309.0383368775715,311.5302734375,17836000
2023-09-26,309.1658848784398,309.9016904509528,304.15258067558153,306.23248291015625,26297600
2023-09-27,306.3894315511619,308.3515797645924,303.82884250383796,306.87017822265625,19410100
2023-09-28,305.1042614505791,309.50930504825243,303.59342871178666,307.7041320800781,19683600
2023-09-29,311.73634897747024,313.4237979177654,309.0187840307204,309.7742004394531,24147300
2023-10-02,310.294137124608,315.7979787841784,309.21494955018176,315.70965576171875,20570000
2023-10-03,314.75802691222975,315.30745601689233,305.3200977637049,307.4588623046875,21033500
2023-10-04,308.086742575961,313.9830083427308,308.0573115463436,312.9234313964844,20720100
2023-10-05,313.0508861901558,313.92405638543994,308.94018390404534,313.3157653808594,16965600
2023-10-06,310.5589896881692,322.9597804960645,310.31372116687385,321.0663146972656,25673600
2023-10-09,318.60385781984473,324.0488078481523,317.063564085275,323.5779113769531,19891200
2023-10-10,324.69629510828605,324.8336598616772,321.4685826836827,322.1749572753906,20557100
2023-10-11,324.9415409038971,326.5210857572993,322.91074029238723,326.128662109375,20063200
2023-10-12,324.313686937738,327.3157714229003,322.4986937835042,324.89251708984375,19313100
2023-10-13,326.0894240178062,327.5119635418574,320.1833385954494,321.5274353027344,21072400
2023-10-16,324.78460909741796,329.77830323276595,324.34314366168616,326.34454345703125,22158000
2023-10-17,323.3521975217721,327.148949363288,321.21346324546664,325.77545166015625,18338500
2023-10-18,326.197296197931,329.23863169332765,322.086593597573,323.8623352050781,23153600
2023-10-19,325.86374730098373,330.50423844384994,324.6472250314816,325.0494689941406,25052100
2023-10-20,325.441930986154,325.6381577998448,319.29060660305254,320.4875183105469,25027700
2023-10-23,319.31019990102027,326.4328077015871,318.25065300887303,323.08734130859375,24374700
2023-10-24,325.02986091343166,325.5596493490343,321.3999044443215,324.2744445800781,31153600
2023-10-25,338.4902135639039,339.64790388750646,331.2302703891526,334.2225646972656,55053800
2023-10-26,334.0949997460641,335.1643669777935,320.75238530520863,321.6844177246094,37828500
2023-10-27,324.1763153652428,330.3472799837888,322.1847360926127,323.56805419921875,29856500
2023-10-30,327.09990360704097,333.02559927042574,325.5497898368821,330.92608642578125,22828100
2023-10-31,332.4369832511366,332.5841383863149,328.355711175483,331.7109680175781,20265300
2023-11-01,333.35918048886424,340.8447807446002,333.2218157421507,339.52032470703125,28158800
2023-11-02,340.6682062676254,342.22811070154637,338.2449517203371,341.727783203125,24348100
2023-11-03,343.01296696867126,347.6828896003234,340.75647841286957,346.1229553222656,23637700
2023-11-06,346.7606838240873,350.7732736613575,346.66257041725754,349.7823791503906,23828300
2023-11-07,352.5980768718827,355.6001616596292,350.86158624054224,353.7066955566406,25833900
2023-11-08,354.8348591059033,356.9834136941428,353.72624062685685,356.32611083984375,26767800
2023-11-09,355.4431318616368,357.88602671202375,353.53984572631765,353.8636169433594,24847300
2023-11-10,354.6484666487655,363.0955302142946,354.23643229337705,362.6736755371094,28042100
2023-11-13,361.2511274783557,361.49639601773487,358.9750282473155,359.7402648925781,19986500
2023-11-14,363.9882832033251,364.91049518103034,360.39754868289896,363.26226806640625,27683900
2023-11-15,364.9924802404826,366.81115702997374,360.8930847744488,363.4097595214844,26860100
2023-11-16,364.6779209606421,369.97665770103697,363.91113117269197,369.7997131347656,27182300
2023-11-17,367.2830363259732,368.03017560302834,360.7849886688486,363.58673095703125,40157000
2023-11-20,364.93351959280636,372.45396350296016,364.7172440162698,371.0481872558594,52465100
2023-11-21,369.30820390562985,369.848877892723,364.83523819118903,366.7522277832031,28423100
2023-11-22,371.5987172360064,373.35841268345206,368.62003030581224,371.4512634277344,23345300
2023-11-24,370.9400480571713,371.56922430315524,368.7871624674301,371.0383605957031,10176600
2023-11-27,370.39936783626126,374.1940157538783,369.8292031236525,372.1983642578125,22179200
2023-11-28,371.9428061684763,376.51405435302496,371.75602133936184,376.2191467285156,20453100
2023-11-29,377.2612117132878,377.79204546279357,371.0482307864117,372.4343566894531,28963400
2023-11-30,372.0803550119597,373.65326540424974,369.11150877208047,372.4932556152344,30554400
2023-12-01,370.37974391455106,371.75602952719976,365.0220252786822,368.1678466796875,33040500
2023-12-04,362.84940189862635,363.26227251698964,356.7543851446723,362.88873291015625,32063300
2023-12-05,360.24430304947185,366.76200100247496,359.4283420231669,366.21148681640625,23065000
2023-12-06,367.21422384108524,367.84337003830143,361.79752438947224,362.5544738769531,21182100
2023-12-07,361.9942125494772,365.15968459553505,360.1165538823308,364.66815185546875,23118900
2023-12-08,362.9477302195792,368.11863343182006,361.99415565369594,367.8925476074219,20154400
2023-12-11,362.23992455873395,365.3070835963392,359.90022426700926,365.01214599609375,27708800
2023-12-12,364.56981930802976,368.07937007976545,364.1864093914376,368.0400390625,24838300
2023-12-13,369.65223376326037,371.2448248811306,364.4911405130115,368.0301818847656,30955500
2023-12-14,366.98815141610726,367.430542857679,357.9636180145618,359.7331237792969,43277500
2023-12-15,360.6375749421143,366.09357631955413,360.07722042205063,364.4518737792969,78502300
2023-12-18,363.1935335888459,366.6834038503824,362.43655401042764,366.3393249511719,21802900
2023-12-19,365.19895042864266,366.9389953613281,363.5768985428581,366.9389953613281,20603700
2023-12-20,368.6495201604417,369.662076309118,364.2552166800982,364.34368896484375,26316700
2023-12-21,366.25090988302145,368.06958720517594,363.7735954230669,367.2143249511719,17708000
2023-12-22,367.35191086364074,368.8265091217646,366.3983361233561,368.2366638183594,17107500
2023-12-26,368.64957681765344,370.5567263617858,367.17497851038286,368.3153381347656,12673100
2023-12-27,367.3617208659254,368.7085156973093,366.4966184922779,367.73529052734375,14905400
2023-12-28,369.01324645392424,370.0847841167637,367.82374574574834,368.9247741699219,14327000
2023-12-29,369.6325745030526,370.77293391810167,367.15526060187455,369.6719055175781,18730800
2024-01-02,367.528833625427,369.5342955375811,360.55890320609336,364.5894775390625,25258600
2024-01-03,362.760965291212,366.93899315410624,362.26943260145976,364.32403564453125,23083500
2024-01-04,364.3928859416935,366.7817278006742,360.95215684412767,361.7091064453125,20901500
2024-01-05,362.72164936252017,365.7593179114421,360.29347657411785,361.5223083496094,21004600
2024-01-08,363.04605054064757,368.8461605661577,362.76098316710153,368.34478759765625,23134000
2024-01-09,365.7101313148608,369.6227120026067,364.90401056986224,369.4261169433594,20830000
2024-01-10,369.99632077317983,377.6642489138574,369.94717950336036,376.2879333496094,25514200
2024-01-11,379.4632192692285,384.0639578363486,373.9383968872458,378.1164245605469,27850800
2024-01-12,378.9618424711607,382.0978232574525,378.13607119839037,381.8913879394531,21661200
2024-01-16,386.9935252639614,387.3572546583597,381.0558019045163,383.6609191894531,27202300
2024-01-17,381.4097233605343,383.50362745457204,378.29339285307435,382.8744812011719,22234100
2024-01-18,385.08633628268643,387.3178836888765,383.5134258198234,387.1999206542969,23392100
2024-01-19,389.05794692680297,391.9186706542969,386.83620966747424,391.9186706542969,29331100
2024-01-22,393.2458581752477,393.8357034869012,386.9247540872174,389.7953186035156,27016900
2024-01-23,389.0480951568549,392.61662702057765,387.25890909833606,392.1447448730469,20525900
2024-01-24,394.7400515217606,398.7607850247389,393.6685139379053,395.7427673339844,24867000
2024-01-25,397.4729674452485,400.1174154899957,395.7132721662268,398.0136413574219,21021200
2024-01-26,397.52215078520555,399.291686504724,395.6150015101639,397.089599609375,17803300
2024-01-29,399.1835624719501,403.03719231588735,397.4828484080428,402.7815856933594,24510200
2024-01-30,405.2785172108199,406.05511721074,399.5669101187714,401.670654296875,33477600
2024-01-31,400.06829591373173,408.28673844568766,390.48340804499526,390.8471374511719,47871100
2024-02-01,395.0251188068164,401.0906449466683,394.99562804766003,396.9421081542969,30657700
2024-02-02,396.9715862290421,405.66187965844676,396.7258199103346,404.256103515625,28256700
2024-02-05,402.9585768271401,404.197249063063,397.14865562638937,398.7805480957031,25352300
2024-02-06,399.0065482946539,401.0611511691438,396.0868431570583,398.6231384277344,18382600
2024-02-07,400.5401902860463,407.28400488846614,400.50085926773676,407.0382385253906,22340500
2024-02-08,407.03818644922006,408.5226246925269,405.5439379531735,407.09716796875,21225300
2024-02-09,408.2178966207668,413.693577955035,408.060602560808,413.4281311035156,22032800
2024-02-12,413.43798737008973,413.61493194410616,407.7263797250581,408.2277526855469,21202900
2024-02-13,398.0825128718903,403.12564326770877,396.55877347389134,399.43914794921875,27824900
2024-02-14,401.9013482236895,403.6445808998677,398.454256564083,403.29986572265625,20401200
2024-02-15,401.97025586986575,402.9452806494458,398.17844942358096,400.41412353515625,21825500
2024-02-16,401.7930043986709,402.11803273676423,397.3413424619827,397.95196533203125,22296500
2024-02-20,397.1443513475326,398.3754555316585,391.99343067715284,396.701171875,24307900
2024-02-21,394.12074688500724,396.20869458459015,391.2153292491478,396.100341796875,18518900
2024-02-22,403.9893247437461,406.5894012936675,402.3938184427991,405.42724609375,27009900
2024-02-23,409.386407102909,409.5735072564782,402.7876777349581,404.136962890625,16295900
2024-02-26,405.24008986741234,405.92952022656453,401.2020621700657,401.3793640136719,16193500
2024-02-27,401.82255205730473,402.14758039730725,397.74515057992284,401.3202819824219,14835800
2024-02-28,402.00970910221264,403.112773728935,399.1929569344221,401.5566711425781,13183100
2024-02-29,402.46275960420144,407.9387088030321,399.7838756031993,407.3871765136719,31947300
2024-03-01,405.0529271345384,409.583396137478,404.6688382927548,409.218994140625,17823400
2024-03-04,407.19012810158426,411.0410251668183,406.0870636846248,408.64776611328125,17596000
2024-03-05,407.7022908884421,407.9879154671031,394.58366790374333,396.5632629394531,26919200
2024-03-06,396.87842085481464,399.03531766594347,392.36766860816914,396.01171875,22344100
2024-03-07,399.98083315410713,403.58550992875143,396.15948083378726,402.9552001953125,18718500
2024-03-08,401.79297194630584,404.21580644025056,398.2178408535662,400.07928466796875,18002200
2024-03-11,397.6564774172096,399.54743645794565,395.19426925023413,398.40496826171875,16120800
2024-03-12,401.4581399062547,409.28797443620516,400.64069996356216,409.0023498535156,22457000
2024-03-13,411.7797232101297,411.85850065118984,405.2302551257752,408.8250732421875,17115900
2024-03-14,413.8873540190868,421.3527863664109,411.6713665638625,418.7920837402344,34157300
2024-03-15,412.95173236718284,416.2116937258995,406.54999083820695,410.1251220703125,45079900
2024-03-18,407.9879061886506,414.3699607798189,407.52500983634934,411.0115051269531,20106000
2024-03-19,411.51383434146254,415.295813199016,409.268301301435,415.03973388671875,19837900
2024-03-20,415.62075700500156,419.5208864985866,414.3010169757645,418.80194091796875,17860100
2024-03-21,423.33234084355416,424.30739566871944,420.70271948004165,422.8793029785156,21296200
2024-03-22,423.2043902779049,423.36194516542855,419.62925888508494,422.2588806152344,17648500
2024-03-25,418.81180070101897,420.94901086959675,415.23666920718586,416.4677734375,18060500
2024-03-26,419.17616089060704,419.55042134825453,414.98057853086766,415.2760314941406,16725600
2024-03-27,418.0238957387452,418.0337541903471,412.67598630724365,415.05938720703125,16705000
2024-03-28,414.5964392633085,415.49268661622915,412.7842577129666,414.3600769042969,21871200
2024-04-01,417.5412631842415,421.4217055688743,415.83740435240986,418.1518859863281,16316000
2024-04-02,413.7593326884334,415.9950371448598,411.52365828826186,415.0692443847656,17912000
2024-04-03,413.38506009911544,416.86169679254687,412.75472038791173,414.09417724609375,16502300
2024-04-04,418.5655553413228,422.1899488258563,411.2577378896696,411.56304931640625,19370900
2024-04-05,413.6608379545396,420.06257930400153,411.9963827991793,419.0875244140625,16554800
2024-04-08,418.7428189329514,420.8209081351917,416.9010620332454,418.17156982421875,14272400
2024-04-09,419.9936445079337,421.27398079875763,415.24649970194963,419.8360595703125,12496900
2024-04-10,415.80792292497927,417.62010476496505,413.35557288951713,416.86175537109375,16216600
2024-04-11,419.38303118441615,422.87935502001585,415.97531318643956,421.46112060546875,17966400
2024-04-12,417.6397710155257,418.75269400595073,413.4244714952131,415.52227783203125,19253800
2024-04-15,420.15125672726765,420.36793227353456,407.1803293629701,407.3871765136719,20273500
2024-04-16,408.3030683339737,412.07515806913636,407.47576998606934,408.3128967285156,16765600
2024-04-17,410.9425718180864,412.5479364642673,404.127165910336,405.6143493652344,15855500
2024-04-18,404.4226257260466,405.66358827577534,397.8436126348303,398.15875244140625,21029900
2024-04-19,397.922389385747,399.35048216055003,391.7570104509112,393.08660888671875,30565800
2024-04-22,394.0321015888098,396.7602475945419,389.76757007965125,394.8988037109375,20286900
2024-04-23,398.12925698523895,402.02941689941457,396.9671017838586,401.408935546875,15734500
2024-04-24,403.3688760666631,406.234890603073,400.6309011917823,402.8764343261719,15065300
2024-04-25,388.0735981687377,393.84503042188726,382.16429787123263,393.00787353515625,40586500
2024-04-26,405.9393688090581,406.7568087350332,399.6262631587446,400.17779541015625,29694700
2024-04-29,399.12396145400385,400.17779380940664,393.1555709987601,396.1693115234375,19582100
2024-04-30,395.4207954000411,396.0806804506466,383.2870557136592,383.4446105957031,28781400
2024-05-01,386.6750231640028,395.6473257764034,384.4098035661703,388.9698181152344,23562500
2024-05-02,391.6486864760746,393.88436068854867,388.68417820234623,391.8259582519531,17709400
2024-05-03,396.1988407447482,400.99521746175435,395.7851765465019,400.51263427734375,17446700
2024-05-06,402.58092459776026,407.67275464571117,400.22703898277103,407.2886657714844,16996600
2024-05-07,408.3917165446932,408.4015749957849,402.90590929968624,403.1521301269531,20018200
2024-05-08,401.9998461853561,405.9984701419799,400.56189486819255,404.3340148925781,11792300
2024-05-09,404.3635817483474,406.48107503136987,402.91580195884967,406.0871276855469,14689700
2024-05-10,406.6977419727187,409.1008598045123,405.5749605018169,408.47052001953125,13402300
2024-05-13,411.6910695528216,412.02592626132173,404.6097563640546,407.4659118652344,15440200
2024-05-14,405.79162172220066,411.1789347782618,405.3287253515243,410.26300048828125,15109300
2024-05-15,412.32511422725236,418.15627711467357,411.7035137509103,417.4360046386719,22239500
2024-05-16,416.1730933998144,419.7448271840896,414.74245474989345,415.3739013671875,17530100
2024-05-17,416.90321260748334,417.27814812423264,412.45336756995647,414.6042785644531,15352200
2024-05-20,414.6043237478942,421.0768099021397,414.3872573782501,419.6658935546875,16272100
2024-05-21,421.13598848639515,427.1940941013643,419.1824213563369,423.3165283203125,21453300
2024-05-22,424.3524769437673,426.6415347292138,421.43197259260825,424.7767333984375,18073700
2024-05-23,427.1940398728344,427.8156402845708,419.74477138500487,421.3036804199219,17211700
2024-05-24,421.49118910602255,425.30955759417924,418.7482761527639,424.42156982421875,11855300
2024-05-28,423.8986091406006,425.0727365852693,420.9090314722718,424.57940673828125,15718000
2024-05-29,420.0111765352336,425.19114003957617,420.0111765352336,423.44476318359375,15517100
2024-05-30,418.63975349144664,418.63975349144664,408.7139580183881,409.13824462890625,28394500
2024-05-31,411.1904861655314,411.1904861655314,399.11377942255837,409.59210205078125,47995300
2024-06-03,409.98676649158153,410.8747543349761,403.4649593325196,408.0035705566406,17484700
2024-06-04,406.9280752908703,410.88459054146256,404.21476096620233,410.51953125,14348900
2024-06-05,412.23627465688065,418.42261995316136,410.74640891859264,418.35357666015625,16988000
2024-06-06,418.35363549566944,419.63628120393724,414.96936946485204,418.8568115234375,14861300
2024-06-07,420.51442686018504,420.59334639709124,417.3571033955117,418.1957702636719,13621700
2024-06-10,419.0344147777948,422.36929949498546,418.2352227759558,422.162109375,13982900
2024-06-11,419.8039964152252,427.04607528322305,419.57705383558175,426.9079284667969,14551100
2024-06-12,429.5127000039071,437.48489698603294,427.4703072356122,435.1761169433594,22366200
2024-06-13,434.9689666213265,437.4750908737884,433.508699318619,435.689208984375,15960600
2024-06-14,432.43323683903066,437.22841891267086,430.89405002785384,436.666015625,13582000
2024-06-17,436.6857791496651,444.9243949145692,434.8407300488904,442.388671875,20790000
2024-06-18,443.7107502283828,444.1350368072149,438.95507309068336,440.3857116699219,17112500
2024-06-20,440.3462442358131,440.57318682315986,435.38334678666155,439.7542724609375,19877400
2024-06-21,441.4118990346219,444.5691925636153,440.5535097623316,443.7798767089844,34187100
2024-06-24,443.79952742787026,446.7101856291095,440.4547666539863,441.6979675292969,15913700
2024-06-25,442.27021086532676,445.3979353653379,440.79022131418793,444.9342041015625,16413400
2024-06-26,443.0102338094888,447.5488747436615,442.21104180989477,446.1280822753906,16507000
2024-06-27,446.14779313508967,450.0845859651154,445.74325902922413,446.8088684082031,14806300
2024-06-28,447.02593208902044,449.305113661538,440.45477465939115,440.9875793457031,28362300
2024-07-01,442.6747341437756,451.2685314965591,439.714755113794,450.6370849609375,17662800
2024-07-02,447.15419830732895,453.45893827703065,447.0653724350894,453.153076171875,13979800
2024-07-03,452.07763057164084,454.869864398923,451.7717684597979,454.6231994628906,9932800
2024-07-05,453.478674753155,462.1021014719612,452.8472281684966,461.3226318359375,16000300
2024-07-08,460.326095268591,461.4607780718062,458.26398000009,460.0202331542969,12962300
2024-07-09,460.77011087707854,461.09569535136285,451.89017298008986,453.4096374511719,17207200
2024-07-10,455.0672233776237,460.2373109717691,452.73869064735504,460.0301208496094,18196100
2024-07-11,456.8037581244286,458.57973369334036,445.5262138972975,448.63421630859375,23111200
2024-07-12,448.26913567933263,450.2720538778231,444.6382348256943,447.4995422363281,16324300
2024-07-15,447.2528536845848,451.1600479833261,445.40780476541227,447.904052734375,14429400
2024-07-16,448.1606286695201,448.23954820722287,440.7014827721708,443.5233154296875,17175700
2024-07-17,436.68574615539535,438.9156068819966,433.3212327097638,437.60333251953125,21778000
2024-07-18,438.4124018485707,438.71826397070777,428.6050012530057,434.495361328125,20794800
2024-07-19,427.3223538949878,435.2551069043024,426.23702212212055,431.2788391113281,20940400
2024-07-22,435.8964446559175,438.6689563053254,433.05485959349295,437.0310974121094,15808800
2024-07-23,437.9782800404941,442.40840302613475,437.1889642431626,438.9156188964844,13107100
2024-07-24,434.5743138131604,435.5905721860423,421.88585333621705,423.1783752441406,26805800
2024-07-25,423.0797067418699,424.066366533815,411.94033937034624,412.8184509277344,29943800
2024-07-26,412.6211098546519,423.19810333197387,411.7034934246348,419.5967712402344,23583800
2024-07-29,425.8226295279651,426.3850328487882,419.0344352964457,421.037353515625,15125800
2024-07-30,422.0141534919779,423.32639784774454,411.79234175836467,417.2781982421875,32687600
2024-07-31,414.8904777498154,416.15340118634725,406.71105894897664,412.7691650390625,42891400
2024-08-01,415.1765544542287,421.75755796351626,407.57926252131097,411.5456237792969,30296400
2024-08-02,406.98728858808795,409.46381430513844,398.9460172931046,403.0406494140625,29437900
2024-08-05,383.9783949357412,395.6900415573509,380.43625987349014,389.87860107421875,40709200
2024-08-06,394.6639255499671,400.2582999432438,393.18393582915473,394.27911376953125,24946500
2024-08-07,403.188717990179,404.60948055159776,392.16771360387116,393.1148986816406,20650900
2024-08-08,397.0713282414451,400.4456875209913,394.60467901527096,397.3179931640625,20203000
2024-08-09,398.6401637815713,402.60652539742165,396.8937867490897,400.6036071777344,19276700
2024-08-12,401.6296910455733,403.3070245629386,398.84730349296393,401.3830261230469,16762900
2024-08-13,404.1259805010332,409.41449264240543,404.10625814496586,408.4870300292969,19414300
2024-08-14,409.26646397851016,412.14752377963794,406.9478375879701,411.2989807128906,18267000
2024-08-15,414.9462891736181,416.2411406304339,412.8310473922666,416.1620788574219,20752100
2024-08-16,415.73712262611093,416.4685572584128,412.4752583913715,413.6317443847656,22775600
2024-08-19,414.11601787893187,416.87376862371895,411.64492262923585,416.65631103515625,15234000
2024-08-20,416.82435482083605,420.9362307322599,416.76505094858624,419.88848876953125,16387600
2024-08-21,419.1768414959673,421.4700252660244,416.8441419181339,419.2361755371094,16067300
2024-08-22,419.45359039351575,421.8555179747642,409.8163186254232,410.7454528808594,19361900
2024-08-23,412.15893602611095,414.41257372157986,407.32545916499066,411.97113037109375,18493800
2024-08-26,411.55599630876077,412.4554786638681,406.58415351672016,408.70928955078125,13152800
2024-08-27,408.0865261332207,409.5691832347041,405.5067172557128,409.0552062988281,13492900
2024-08-28,410.08323636580656,410.2018441208808,402.6007521142328,405.85272216796875,14882700
2024-08-29,410.1424702770871,417.1702500490206,405.8526529335126,408.343505859375,17045200
2024-08-30,410.7948745382869,412.663006834999,407.36499317358016,412.31707763671875,24308300
2024-09-03,413.0781880012741,415.02541234976394,402.32397617802485,404.70611572265625,20313600
2024-09-04,401.2169427939581,406.4853049884444,399.6947395600007,404.17236328125,15135800
2024-09-05,402.90709631842344,408.32374746592114,401.43433333803466,403.668212890625,14195500
2024-09-06,404.33049307771034,405.9021060614487,396.165984591682,397.05560302734375,19609500
2024-09-09,402.5315288470681,403.9252302108811,397.5003824546475,401.02911376953125,15295100
2024-09-10,403.48047327180706,411.5164502597468,402.9862541865475,409.4111022949219,19594300
2024-09-11,410.6960329818373,419.0878628478116,404.8444661227044,418.14886474609375,19266900
2024-09-12,418.4157104817343,422.4287665702525,414.8968734205188,422.06304931640625,17395700
2024-09-13,420.9065970976519,426.83722589839596,420.5408798146308,425.611572265625,15874600
2024-09-16,425.62144023461013,428.51755654874484,423.26895279469,426.3528747558594,13834700
2024-09-17,435.14011791593873,436.7413828200211,427.2721288798558,430.11883544921875,18874200
2024-09-18,429.9705988234429,430.9886889198146,425.43367129700556,425.82904052734375,18898000
2024-09-19,436.12856118496126,436.39542861722236,431.8486072464737,433.617919921875,21706600
2024-09-20,432.1649237095232,434.1615578880838,429.1996092968504,430.2374572753906,55167100
2024-09-23,429.2589197702658,431.41370770372646,425.4139110417271,428.4978332519531,15128900
2024-09-24,427.9937125983331,428.33967197864655,421.1734954974966,424.2080078125,17015800
2024-09-25,424.86031508228893,428.1122847230435,423.6149036474301,427.11395263671875,13396400
2024-09-26,430.0595370663028,430.2671006249204,424.1684543301705,426.3232421875,14492000
2024-09-27,426.5308226116947,426.85702409572957,422.52766014209345,423.0712890625,14896100
2024-09-30,423.25911892558076,425.4435890958682,420.451958019216,425.324951171875,16807300
2024-10-01,423.49633953955015,423.52599147760804,413.9677812470877,415.8260498046875,19092900
2024-10-02,417.6941904099043,417.9314360837514,411.89206315330637,412.3072204589844,16582300
2024-10-03,412.80142348929195,414.699207817815,409.50004373541833,411.7240295410156,13686400
2024-10-04,413.40436067339476,414.8969119270876,410.172178794162,411.24957275390625,19169700
2024-10-07,411.1902330637095,412.28738483151307,404.2711666419644,404.804931640625,20919800
2024-10-08,406.1492143378804,410.8541894054543,403.45079759655545,409.9151611328125,19229300
2024-10-09,411.051885220099,415.51964507918063,409.50992407936405,412.6333923339844,14974300
2024-10-10,410.4292021904471,412.5246863355552,408.37323385448985,411.0321350097656,13848400
2024-10-11,411.32861915461314,412.3071631584289,408.47201874889953,411.50653076171875,14144900
2024-10-14,412.9397902420181,419.137316675548,412.692680707405,414.2939758300781,16653100
2024-10-15,417.2987890411578,417.59533856944756,410.45881429415135,413.8985595703125,18900200
2024-10-16,410.36987028679,411.5460839058675,405.7340930599272,411.3088684082031,15508900
2024-10-17,417.4767225011017,417.61511832115826,410.78500708577025,411.9019470214844,14820000
2024-10-18,412.31709084461266,414.79805000770625,411.447260474788,413.3252868652344,17145300
2024-10-21,411.3088916838687,414.1160525024568,408.96629801765454,413.9381408691406,14206100
2024-10-22,413.65143848774744,425.60165114081286,413.20665945484586,422.5671691894531,25482200
2024-10-23,425.87842845603865,426.09588604624633,417.64475229425324,419.6908264160156,19654400
2024-10-24,420.4123746810587,421.0548835944768,417.5162582126422,419.8193359375,13581600
2024-10-25,421.8258547879259,427.5192377532194,421.63804913504384,423.19976806640625,16899100
2024-10-28,426.669225694439,426.94598717649535,421.3711813975522,421.6578369140625,14882400
2024-10-29,423.05152881793293,428.16176733338216,420.87695281886124,426.95587158203125,17644100
2024-10-30,432.38241000195467,433.43015208412135,427.10415361686785,427.5291748046875,29749100
2024-10-31,410.55766284750285,411.3484314804884,401.60241546152275,401.65185546875,53971000
2024-11-01,404.2811047814158,410.69605883957496,402.78855349489004,405.6253662109375,24230400
2024-11-04,405.06196083886334,405.6748178590432,400.88088657331804,403.7374572753906,19672300
2024-11-05,403.6484884800003,410.102988488707,403.3618329661191,406.7027587890625,17626000
2024-11-06,407.65167048638625,415.58882753455555,405.77361389082967,415.3219299316406,26681800
2024-11-07,416.40921822256973,421.91482589939426,415.0254108601489,420.51123046875,19901800
2024-11-08,420.4025506464113,421.56890050557604,416.90347090417674,417.6546936035156,16891400
2024-11-11,417.6348987728619,419.8984307044044,411.19029254705583,413.17706298828125,24503300
2024-11-12,413.41424403977334,419.5326784209289,412.37639607879026,418.13897705078125,19401200
2024-11-13,416.7650676989441,424.366129168666,413.3747019871383,420.2839050292969,21502200
2024-11-14,420.086213638624,423.21957584577814,415.14402288993426,421.9543762207031,30246900
2024-11-15,414.9661225121513,417.91164897279026,408.85758182070697,410.20184326171875,28247600
2024-11-18,410.0733395128572,413.56252505276035,407.33537663624696,410.95306396484375,24727000
2024-11-19,408.3336509537854,413.10782389174204,406.79168992363145,412.9595642089844,18133500
2024-11-20,412.05020669970736,412.46536399512735,405.8329222910528,410.6861572265625,19191700
2024-11-21,415.4797975064388,415.7571129679985,406.35806834126146,408.913330078125,20780200
2024-11-22,407.42764273220655,413.39985319356293,407.12061602620037,413.0036926269531,24814600
2024-11-25,414.3705063731925,417.0446130867062,410.8743369468268,414.7765808105469,27691100
2024-11-26,415.5689336176803,424.92838338966095,414.83603494213827,423.888427734375,23458900
2024-11-27,421.03601885024915,423.13572759358533,417.97563494679554,418.93634033203125,18332400
2024-11-29,416.06415596091114,420.8082605091315,413.796093210805,419.40185546875,16271900
2024-12-02,417.52996787602956,428.8504232970242,417.27244986667705,426.84979248046875,20207200
2024-12-03,425.72067515411175,428.32547569363487,423.6407942127541,427.0676574707031,18302000
2024-12-04,428.8801143248133,435.4564952904926,428.483953715763,433.2280578613281,26009400
2024-12-05,433.72329450893346,440.39869339406243,431.99006528414975,438.37823486328125,21697800
2024-12-06,438.0612738202398,441.82487523918803,437.5363542028089,439.3191223144531,18821000
2024-12-09,438.35842787251636,444.03349609525384,436.2785468030062,441.7456359863281,19144400
2024-12-10,440.13125981361975,445.31111943385133,437.3679889585384,439.0813903808594,18469500
2024-12-11,439.7945337941877,446.0341772846715,439.7945337941877,444.68719482421875,19200200
2024-12-12,444.8059789125675,451.78843398650577,444.8059789125675,445.2516784667969,20834800
2024-12-13,444.14241275611795,447.10374865296643,441.3098056253416,442.9836120605469,20177800
2024-12-16,442.9836304987913,447.8465797272876,441.01271109813007,447.2622375488281,23598800
2024-12-17,446.68784735190707,450.9268296361061,445.2616448801094,450.1047668457031,22733500
2024-12-18,446.994861295181,448.31210217470453,432.83188469873346,433.1983642578125,24444500
2024-12-19,437.38780577162396,438.93285336164837,432.1386095010433,432.841796875,22963700
2024-12-20,428.95937961527454,439.4875143941051,424.5223319655796,432.41595458984375,64263700
2024-12-23,432.5545685943141,433.4558513948008,428.6820357713906,431.078857421875,19152500
2024-12-24,430.484577930417,435.3871522905164,430.02899474815183,435.1197204589844,7164500
2024-12-26,434.8721433787049,436.71433412405435,432.4456406431818,433.91143798828125,8194200
2024-12-27,430.4350863105853,431.04913980352325,422.2641488688207,426.4040832519531,18117700
2024-12-30,421.9769208859116,423.45263204127576,417.8567839421245,420.7586975097656,13158700
2024-12-31,422.016524265212,422.64049156656444,416.6286554798762,417.4606018066406,13246500
2025-01-02,421.45201157982797,421.9868450538027,410.8743686174563,414.568603515625,16896500
2025-01-03,417.0446425061394,419.9663838035234,415.5194225803269,419.29290771484375,16662900
2025-01-06,423.8983428352595,430.15778356293015,421.4025036603563,423.7497863769531,20573600
2025-01-07,424.88876369017254,426.52294519780327,416.7673346717813,418.3222961425781,18139100
2025-01-08,419.40180766065134,422.87817962096636,417.50022470253026,420.49127197265625,15054600
2025-01-10,420.5605868581897,420.6398068835906,411.0426680414125,414.9350280761719,20201100
2025-01-13,411.2606004893305,414.48936844362913,408.3388895039501,413.1919250488281,17604800
2025-01-14,413.80596878606093,415.7174656234234,406.783918522941,411.6864929199219,16935900
2025-01-15,415.1133035563719,424.04685017409594,414.2615295855494,422.2244873046875,19637800
2025-01-16,424.5916197701724,425.3740271428382,420.3229265289763,420.5110778808594,15300000
2025-01-17,429.92999377383796,430.3162708057646,424.0667436709179,424.9184875488281,26197500
2025-01-21,426.07727516253885,426.770548715405,421.52135231106814,424.3935546875,26085700
2025-01-22,433.36673527212855,442.9836731089654,431.8216876151847,441.9239501953125,27803800
2025-01-23,437.7641319289048,442.46861072225846,437.26892363486763,442.4289855957031,18389300
2025-01-24,440.89387719602587,442.3695883246394,437.169900939795,439.8044128417969,15549500
2025-01-27,419.9465634582157,431.0293279263355,419.4414413066827,430.39544677734375,35647800
2025-01-28,430.43508134605355,444.08302154903276,427.24593852989443,442.9143371582031,23491700
2025-01-29,442.40923592540474,442.5974175154718,436.17950645057016,438.09100341796875,23581400
2025-01-30,414.75677425796516,418.8075747745586,409.20055129765046,411.01300048828125,54586300
2025-01-31,414.96475222570615,416.65835612531487,410.93374946527524,411.0823059082031,34161900
2025-02-03,407.6555012178145,411.42898625512174,404.7436738342851,406.9820251464844,25679100
2025-02-04,408.73506192939664,409.9532853263689,405.81332063447735,408.4181213378906,20532100
2025-02-05,408.3982601987221,409.8640573119004,406.46693588459584,409.3292541503906,16316700
2025-02-06,410.0324869601977,414.19224891795665,410.0324869601977,411.8350524902344,16309800
2025-02-07,412.48872643025265,414.63791357819275,404.1890302854019,405.8232116699219,22886800
2025-02-10,409.7452423090315,411.4784713555885,406.982001762604,408.26953125,20817900
2025-02-11,405.71427148321067,408.53693461973535,405.37750324031913,407.49700927734375,18140600
2025-02-12,403.30754628100544,406.813629604169,400.4947666868975,405.1200256347656,19121700
2025-02-13,403.0995382668374,407.0612044905901,402.465657162982,406.6056213378906,23891700
2025-02-14,403.8820181953633,404.99128001840967,401.99031874797896,404.515869140625,22758500
2025-02-18,404.08996621044764,406.6650553734785,402.6043413346739,405.7142639160156,21423100
2025-02-19,403.9711199361536,411.50817561028913,403.74331324145845,410.7950744628906,24114200
2025-02-20,412.1348608394034,416.1243081620841,409.4057538443196,412.9684753417969,23508700
2025-02-21,414.16928284227896,414.8738801834256,404.79109677447474,405.108642578125,27524800
2025-02-24,405.40640963245147,406.25986136038705,396.28622700480537,400.9306640625,26443700
2025-02-25,398.05265327493277,398.8664306026397,393.6860882830661,394.876953125,29387400
2025-02-26,394.9861207223364,400.53364695077397,391.25467770642615,396.69305419921875,19619000
2025-02-27,398.22134834414993,402.657388820498,389.1905096396701,389.5477600097656,21127400
2025-02-28,389.67681744038765,394.60905968634097,383.63308910279267,393.9739074707031,32845700
2025-03-03,395.7899873220531,395.7899873220531,383.2261675615013,385.5384521484375,23007700
2025-03-04,380.487153157592,389.5974018138781,378.10539295987144,385.6575622558594,29342900
2025-03-05,386.3820118850688,398.61835249883035,385.85603973587394,397.9732666015625,23433100
2025-03-06,391.28447789138556,399.09468114787944,389.6966277473878,393.8746643066406,23304600
2025-03-07,389.33936956128906,391.80050846371955,382.61088158953936,390.32183837890625,22034100
2025-03-10,382.90859827837613,383.4643412864511,374.3540930979484,377.2717590332031,32840100
2025-03-11,376.1205440687611,383.0673615053873,374.04642649696916,377.5595397949219,30380200
2025-03-12,380.0405779726452,382.2933209136247,376.0709676751301,380.3581237792969,24253600
2025-03-13,380.2489652043101,382.3925583494832,374.58235511618193,375.8923034667969,20473000
2025-03-14,376.8946174814204,387.2652356448431,376.62667971124,385.60791015625,19952800
2025-03-17,383.7620820869245,389.7264008785539,382.6406623483486,385.74688720703125,22474300
2025-03-18,384.1292790671939,384.4269877309022,378.2046343736099,380.6062316894531,19486900
2025-03-19,382.60095534567967,386.719419886704,381.0825806498319,384.8735656738281,19185500
2025-03-20,382.80932167745146,388.81337483302246,380.36802006472885,383.9009704589844,18470500
2025-03-21,380.3085198055768,388.76377892625936,379.8916973941909,388.2874450683594,39675900
2025-03-24,392.3959786933822,392.3959786933822,386.84845184017416,390.0935974121094,21004500
2025-03-25,390.9272368910712,393.34867131877104,389.65696280253144,392.1578063964844,15775000
2025-03-26,391.99904730878035,392.30668970786087,385.61790552875834,387.00726318359375,16108400
2025-03-27,387.1660163642304,389.259971232933,384.4567464670721,387.6125793457031,13766800
2025-03-28,385.1315521729189,386.1735929782764,374.06627026028934,375.92205810546875,21632000
2025-03-31,369.7096714477169,374.2052539943911,364.44991951956155,372.53802490234375,35184700
2025-04-01,371.80362246362756,379.9413357760227,370.3944277527412,379.2863464355469,19689500
2025-04-02,375.0983928958324,382.1543604865691,373.7586433966847,379.2367248535156,16092600
2025-04-03,371.9425583652147,374.61212363444304,366.54388609690864,370.2752990722656,30198000
2025-04-04,361.36358655898334,371.74410993496775,356.7489202327306,357.1061706542969,49209900
2025-04-07,348.2142236601539,368.1813588125757,342.17049555544185,355.14117431640625,50425000
2025-04-08,365.46216834014683,370.8112022714622,347.5889889390993,351.8662414550781,35868900
2025-04-09,350.85399906862426,390.24245792204835,350.41733953240174,387.52325439453125,50199700
2025-04-10,379.1572950457799,380.983312003396,365.00562576710445,378.45269775390625,38024400
2025-04-11,377.74814777589194,387.08662977771354,376.01144319106686,385.4988098144531,23839200
2025-04-14,390.23251818413166,391.6516465120973,381.2909618319917,384.8636169433594,19251200
2025-04-15,385.5583162962043,388.9126416904877,381.24135923720473,382.7994384765625,17199900
2025-04-16,377.7779079921512,378.71073856569086,365.2041538267982,368.7867126464844,21967800
2025-04-17,370.9104537724408,371.4761304955969,364.10258680355696,364.9858093261719,21120200
2025-04-21,360.0635031391147,361.71089501866106,352.9678309109542,356.3916015625,20807300
2025-04-22,360.6192443688487,364.9758758256959,357.12596800122816,364.0331115722656,19485000
2025-04-23,373.20291916052497,377.50003937654276,370.18600677791767,371.5456237792969,20545500
2025-04-24,372.84566753938213,385.49880064204365,372.33953252384407,384.3575134277344,22232300
2025-04-25,384.05979677325973,389.1805976978566,381.67803664886475,388.8729553222656,18973200
2025-04-28,388.9820812843996,389.75615403464093,383.70252292195136,388.18817138671875,16579400
2025-04-29,388.3270916828822,392.0982394081848,387.41409832984397,391.0462951660156,14974000
2025-04-30,387.3347110069874,393.6464071015826,381.5192464831796,392.2570495605469,36461100
2025-05-01,427.8346706730253,433.6700028111626,421.67185900235836,422.1680603027344,58938100
2025-05-02,428.4598783453456,436.1013902925972,426.7231738378541,431.9729919433594,30757400
2025-05-05,429.58128511716615,436.1609188409604,428.827049490993,432.8562316894531,20136100
2025-05-06,428.91639204817295,434.4043769104007,427.8942186382879,430.0179443359375,15104200
2025-05-07,430.5439458113932,434.7914277818458,427.83467577616403,430.05767822265625,23295300
2025-05-08,434.60283673184324,440.29924790125443,432.3500938706748,434.8410339355469,23491300
2025-05-09,436.65712990925,437.3914981181206,432.5684361749063,435.39678955078125,15324200
2025-05-12,442.551987565255,445.9559209816134,436.43878433354007,445.8467712402344,22821900
2025-05-13,444.37803887168343,447.24609694771215,441.9764112331301,445.72772216796875,23618800
2025-05-14,444.73528972695,450.45150777480933,444.73528972695,449.4988098144531,19902800
2025-05-15,448.16655392379437,453.55526390744575,447.82852124457236,450.512939453125,21992300
2025-05-16,449.43915228561843,451.73580834700897,446.1383501578063,451.6463317871094,23849800
2025-05-19,448.27591363294266,456.9355998797858,448.1963586877965,456.2197570800781,21336500
2025-05-20,452.9587181303489,455.69283539558984,451.69606398891386,455.5238342285156,15441800
2025-05-21,451.94462570262056,455.1360777634671,449.20055644956204,449.9561767578125,19216900
2025-05-22,452.32241705541014,457.5917944035942,451.27846319798533,452.23291015625,18025600
2025-05-23,447.3811293692874,451.06969358680703,446.3173019248347,447.5799560546875,16883500
2025-05-27,453.8435898996704,458.2877744248074,453.48565331857327,458.0292663574219,20974300
2025-05-28,458.55619745791415,459.84867709346275,454.2909661144885,454.7184753417969,17086300
2025-05-29,458.884303233251,459.05333474747385,452.68035209769624,456.0308837890625,13974800
2025-05-30,457.064883978579,459.01355548435544,452.909032890277,457.701171875,34770500
2025-06-02,454.49978904014216,459.44105553120437,454.2512329224997,459.3018798828125,16626500
2025-06-03,458.8047449110186,461.4593374660713,458.19825223653834,460.29608154296875,15743800
2025-06-04,461.3201414833542,463.00038321907994,460.3457906064832,461.1908874511719,14162700
2025-06-05,462.2745901279283,466.93750520910584,461.3499686746429,464.9788818359375,20131700
2025-06-06,467.37496597576217,470.6061954238558,466.0725343793748,467.6632995605469,15285600
2025-06-09,466.98725027602023,470.69568816704816,465.9134708467471,470.0196228027344,16469900
2025-06-10,468.4686249933991,470.06931180763127,464.26304461137784,468.2001953125,15375900
2025-06-11,467.30536072753216,472.72389606625393,466.9474544926898,469.8903503417969,16399200
2025-06-12,472.2764779222473,477.6453141185156,470.7851412769109,476.104248046875,18950600
2025-06-13,473.6584649544854,476.4124557062983,470.0295518485209,472.2168273925781,16814500
2025-06-16,472.46541635312803,477.9137775383536,472.2566377036087,476.37274169921875,15626100
2025-06-17,472.65431603696555,475.97502218951,471.34193242947174,475.2790832519531,15414100
2025-06-18,475.2392860574369,478.2219594008936,471.71972301658775,477.4663391113281,17526500
2025-06-20,479.4448516392065,480.6677282539423,474.11579298541653,474.6427307128906,37576200
2025-06-23,475.44806772339973,484.932977511559,469.7810065395394,483.1930847167969,24864000
2025-06-24,486.1260537385937,489.009298556199,483.9884469122188,487.2793273925781,22305600
2025-06-25,489.1982276680394,491.7036624656625,486.56353883181055,489.4268798828125,17495100
2025-06-26,490.13278082199906,495.1635541172166,489.9637493151316,494.57696533203125,21578900
2025-06-27,494.6763704185467,496.4162632322767,490.1824867596744,493.07568359375,34539200
2025-06-30,494.16931223084276,497.86782827206525,492.4691666337086,494.53717041015625,28369000
2025-07-01,493.60258452282886,495.1734457101395,488.1443023264632,489.2080993652344,19945400
2025-07-02,487.1600396387865,490.6497772469701,485.87751191483574,488.2536926269531,16319600
2025-07-03,490.9580057562307,497.2415119784696,490.59014753996934,495.9589538574219,13984800
2025-07-07,494.50736527479916,495.8694479262707,492.36978876052433,494.84539794921875,13981600
2025-07-08,494.36815380384166,495.3226311177228,491.25622643335066,493.7517395019531,11846600
2025-07-09,497.4105072423231,503.8530929514779,496.85374394735805,500.60198974609375,18659500
2025-07-10,500.14458849842043,501.52657502305914,494.87521114411277,498.58367919921875,16492100
2025-07-11,495.59106078877636,502.1131707269345,494.9249170598048,500.4130554199219,16459500
2025-07-14,498.6234399223271,501.05930198422453,498.1362796464767,500.1147766113281,12058800
2025-07-15,500.11477392946824,505.36427783294863,499.88612172349406,502.89862060546875,14927200
2025-07-16,502.2623373664546,503.7934516278089,498.9913605307617,502.6997985839844,15154400
2025-07-17,502.75940886082554,510.40499725185873,502.6997578215743,508.7446594238281,17503100
2025-07-18,511.5085634207008,511.66767331118785,504.4992933518648,507.1041564941406,21209700
2025-07-21,503.7834776665751,509.1324405638626,502.6301736290422,507.1141357421875,14066800
2025-07-22,508.01886761548803,508.2475501614973,502.3517761230469,502.3517761230469,13868600
2025-07-23,503.8232255681408,503.8630030405687,497.80817995491657,502.94830322265625,16396600
2025-07-24,505.83158338819493,510.703277326071,504.37007217269974,507.9294128417969,16107000
2025-07-25,509.51018319793565,515.2965768746373,507.41238413754473,510.7430725097656,19125700
2025-07-28,511.1109000989904,512.0255695622142,507.1737496018482,509.5400085449219,14308000
2025-07-29,512.5525452747698,514.6304403339567,508.6054427654301,509.609619140625,16469200
2025-07-30,512.1946027794743,512.9701269930791,506.49771598970693,510.2757568359375,26380400
2025-07-31,552.0232408256204,552.2420017670738,528.8280273057109,530.4187622070312,51617300
2025-08-01,531.9100652869249,532.7054326872741,517.8517174087783,521.0829467773438,28977600
2025-08-04,525.2188973499576,535.1412365772,525.0796913822776,532.5463256835938,25349000
2025-08-05,534.0774948252555,534.196796907337,524.1949011418618,524.7019653320312,19171600
2025-08-06,527.8338028961505,528.6291703469228,521.0034855448089,521.908203125,21355700
2025-08-07,523.7573865594029,525.0399748350125,514.56081112672,517.8318481445312,16079100
2025-08-08,519.5817267008259,521.629826851029,516.4101479520375,519.0249633789062,15531000
2025-08-11,519.2834381856256,524.5429245664681,516.7183220142601,518.7565307617188,20194400
2025-08-12,520.7250669698358,527.9132904806338,519.6811434112465,526.183349609375,18667000
2025-08-13,529.0367402367135,529.6233593434064,516.3703308668756,517.5733642578125,19619200
2025-08-14,519.5418962511537,522.9123315064297,517.1358902118243,519.4623413085938,20269100
2025-08-15,519.7507304052322,523.0614541020369,516.0820397908819,517.1657104492188,25213300
2025-08-18,518.5775833311014,519.8004600468895,511.05129658888984,514.1134643554688,23760600
2025-08-19,512.0255798217245,512.1846290296555,505.61282013208876,506.8257751464844,21481000
2025-08-20,506.9251890021903,508.0486674266492,501.5265578024503,502.7991638183594,27723000
2025-08-21,501.6041452591809,505.5278315490841,500.6381609615915,502.15185546875,18443300
2025-08-22,502.1618461633245,508.6150227226763,500.32946944945456,505.1295166015625,24324200
2025-08-25,504.5319946732823,506.0855321115255,502.0323791323648,502.17181396484375,21638600
2025-08-26,502.2713680297872,502.88882606141556,496.4456179190968,499.96099853515625,30835700
2025-08-27,499.9211487290224,505.1892506185915,497.82983904056124,504.6415100097656,17277900
2025-08-28,504.9900522378754,508.9734875719172,503.4066403395377,507.5295104980469,18015600
2025-08-29,506.5535790393771,507.4896888132377,502.40083415821226,504.59173583984375,20961600
2025-09-02,498.3974910813857,503.90458943006223,494.75264396148896,503.0282287597656,18128000
2025-09-03,501.70375627159575,505.68719181229375,500.2398424947412,503.2572937011719,16345100
2025-09-04,502.2116394820944,506.04570238922344,501.0664078062513,505.866455078125,15509500
2025-09-05,506.9619070760115,509.8498918622262,490.3310509759443,492.9501647949219,31994800
2025-09-08,496.04724781279185,499.1244784694731,492.9800158612091,496.13690185546875,16771000
2025-09-09,499.3535217605099,500.17013335375145,495.6389875077243,496.3460388183594,14410500
2025-09-10,500.8971201283455,501.1460848531792,494.6630336933239,498.29791259765625,21611800
2025-09-11,500.17012751524385,501.08633106619584,495.8182290284252,498.9352722167969,18881600
2025-09-12,504.55191069082485,510.42747218178897,501.7635178992086,507.7884521484375,23624900
2025-09-15,506.68306017742736,513.3353599697668,504.9004642300766,513.225830078125,17143800
2025-09-16,514.7395367165727,515.0880630075219,506.4938265025834,506.9320068359375,19711900
2025-09-17,508.5054498653079,509.1726886784055,503.8348693472275,507.9079284667969,15816600
2025-09-18,509.37184097126715,510.9453149965379,505.55771489166153,506.3444519042969,18913700
2025-09-19,508.44568153944795,517.1494779837726,508.1967168320822,515.78515625,52474100
2025-09-22,513.4548737162081,515.5959337012963,510.4174557013089,512.319580078125,20009300
2025-09-23,511.67229848312854,512.4590659268906,505.2091838485409,507.1212463378906,19799600
2025-09-24,508.26644250853604,510.35772177145367,504.82077941210207,508.0373840332031,13533700
2025-09-25,506.1950582100621,507.89799878212006,502.94857891661616,504.9303283691406,15786500
2025-09-26,507.94778361103766,511.8117209714621,504.52202659403474,509.34197998046875,16213100
2025-09-29,509.3817950243417,514.7096154882738,506.77264973451184,512.4689331054688,17617800
2025-09-30,511.11459757878936,516.0142062084105,507.54943619028296,515.8051147460938,19728200
2025-10-01,512.6681599915194,518.3545363078492,509.5710533372991,517.557861328125,22632300
2025-10-02,515.496404228155,519.439966484546,508.5652045551738,513.604248046875,21222900
2025-10-03,514.9585548343116,518.3345307125708,512.8672756929882,515.20751953125,15112300
2025-10-06,516.4623876768178,528.8309994124726,516.0541122577388,526.3811645507812,21388600
2025-10-07,526.1022689962125,527.6060256392368,519.2806599401652,521.8101196289062,14615200
2025-10-08,521.1130687043808,524.7678538085896,520.923853084141,522.676513671875,13363400
2025-10-09,520.1769452354545,522.158694647609,515.2574000210162,520.2366943359375,18343600
2025-10-10,517.4881335274953,521.4118200258811,507.5195762105422,508.84405517578125,24133800
2025-10-13,514.2714464494894,514.2714464494894,509.56105349845876,511.9212341308594,14284200
2025-10-14,508.11707238992415,513.1461778212379,503.9045785101632,511.4432373046875,14684300
2025-10-15,512.8274957075639,515.0482414945574,507.888013925759,511.3038024902344,14694700
2025-10-16,510.4573477017149,514.7096236704256,506.02576365101777,509.4913330078125,15559600
2025-10-17,506.93203901166436,513.3453425707617,505.2091921192977,511.4532470703125,19867800
2025-10-20,512.4788764440519,516.5519656323323,511.30377036778043,514.6498413085938,14665600
2025-10-21,515.3569857054445,516.5420602391357,510.91543308707116,515.5162963867188,15586200
2025-10-22,518.9919195722497,523.0549803520576,515.5661623300699,518.3843994140625,18962700
2025-10-23,520.2964530626382,521.7802730707533,516.4623598997719,518.404296875,14023500
2025-10-24,520.6250388201142,523.1744351060786,518.5536961256696,521.441650390625,15532400
2025-10-27,529.577902779321,532.3662956890146,526.819354031342,529.3189697265625,18734700
2025-10-28,547.7224103521172,551.4269763883988,538.5306518978505,539.8252563476562,29986700
2025-10-29,542.6833492925585,544.0078586434945,534.507325873603,539.307373046875,36023000
2025-10-30,528.2831883129468,532.7545848667123,519.9578228356851,523.582763671875,41023100
2025-10-31,526.6898137654194,527.1279940743384,512.9668501497666,515.6656494140625,34006400
2025-11-03,517.657371934483,522.7860691817526,512.4590180581705,514.888916015625,22374700
2025-11-04,509.6407695643784,513.4150529816625,505.73698923396887,512.2001342773438,20958700
2025-11-05,511.17434154282535,512.6980347767452,504.4821687767013,505.0597839355469,23024300
2025-11-06,503.5659922381216,503.6058351018555,493.75677643867937,495.04144287109375,27406500
2025-11-07,494.89207027354036,497.31199999791255,491.2073803526309,494.7626037597656,24019800
2025-11-10,497.9692613740871,504.7510576229119,496.73437575016374,503.9045715332031,26101500
2025-11-11,502.70954902224156,507.48968986721945,500.26971300797675,506.573486328125,17980000
2025-11-12,507.2506574723947,509.5511194130969,497.05307240824305,509.0233154296875,26574900
2025-11-13,508.1967287528611,511.3735209246628,499.2140928412288,501.205810546875,25273100
2025-11-14,496.166765720741,509.4813936811572,495.3800287197931,508.0672607421875,28505700
2025-11-17,506.34444359286346,509.9992285471841,502.8190947602184,505.3883972167969,19092800
2025-11-18,493.31862192366924,500.89712400975867,484.76419755903834,491.74517822265625,33815100
2025-11-19,488.0704229659532,493.13934080841636,480.8305097576304,485.1027526855469,23245300
2025-11-20,491.5879641710541,492.4460215630244,474.41716428973194,477.3404846191406,26802500
2025-11-21,477.4103368698009,477.8293938228302,467.20362215472323,471.04486083984375,31769200
2025-11-24,473.9183160323131,475.8139832068258,466.9542001322548,472.92059326171875,34421000
2025-11-25,472.9904142849383,478.0588322743821,463.8313270788984,475.90374755859375,28019800
2025-11-26,485.2025316262965,487.1979770584782,480.10418316215106,484.3943786621094,25709100
2025-11-28,486.48962635446395,491.5081706450152,485.54177754838196,490.88958740234375,14386700
2025-12-01,487.32770213243884,488.7444513856018,483.5463243869077,485.6315612792969,23964000
2025-12-02,485.6116258193264,492.3761849539621,485.2125428025972,488.8841552734375,19562700
2025-12-03,475.23529714339696,483.13724409881166,474.1178525596479,476.64208984375,34615100
2025-12-04,478.6674679630734,480.2239129901724,475.40489514051177,479.7449951171875,22318200
2025-12-05,481.4211657314621,482.299166614698,477.78947078944657,482.0597229003906,22608700
2025-12-08,483.7858099301447,491.17890888246444,483.2769615726175,489.9018249511719,21965900
2025-12-09,487.9862027558801,490.99931449735556,487.3875630167038,490.8995361328125,14696100
2025-12-10,482.92772884397027,483.14722906115725,473.99809828560024,477.4701843261719,35756200
2025-12-11,475.5445986070271,484.92318635563356,474.7763326037194,482.3690185546875,24669200
2025-12-12,478.72734800157895,481.3513637649093,475.2552617920193,477.4402770996094,21248100
2025-12-15,479.0066832317436,479.6252664455081,471.44392797474177,473.73870849609375,23727700
2025-12-16,470.8353364785088,476.80172935648005,469.8076832860371,475.3051452636719,20705600
2025-12-17,475.8239455574328,478.9069051052783,473.9182915104317,475.0357360839844,24527200
2025-12-18,477.10104539067044,488.4850656489584,476.8017407441929,482.87786865234375,28573500
2025-12-19,486.2501387748106,486.73904362092316,481.39123391446003,484.8134460449219,70836100
2025-12-22,485.01298390813173,487.6170561484318,481.5908021440126,483.81573486328125,16963000
2025-12-23,483.8755963136496,486.71908182827985,483.63612214595605,485.7413330078125,14683600
2025-12-24,484.5739628623746,488.04604888584674,483.7258924615979,486.90863037109375,5855900
2025-12-26,485.601642461088,487.00843522519267,484.85335038112265,486.599365234375,8842200
2025-12-29,483.7558335295542,487.23790659993216,483.0773893732932,485.9907531738281,10893400
2025-12-30,484.82341501264875,488.56487537463653,484.39440153201394,486.3699035644531,13944500
2025-12-31,486.7290680267604,487.0284031238816,482.1993981667827,482.5186767578125,15601600
2026-01-02,483.2869444224563,483.5563186075122,469.0893385249197,471.8630065917969,25571600
2026-01-05,472.98042932285466,474.9858617296903,468.4308161640092,471.773193359375,25250300
2026-01-06,472.72102257015473,477.64977534720424,468.68025764779384,477.4203186035156,23037700
2026-01-07,478.6674756822987,488.5848422406915,476.86159994291296,482.3690185546875,25564200
2026-01-08,480.14408679814625,481.5608665012806,474.7763335277468,477.0212097167969,18162600
2026-01-09,472.9804540365218,478.72734693664125,471.1247042989064,478.1885681152344,18491000
2026-01-12,475.5845048686955,479.89464390147504,474.59673866594744,476.09332275390625,23519900
2026-01-13,473.5990225282599,474.6965236309785,464.888922501957,469.5981750488281,28545800
2026-01-14,465.39775666549855,467.13381499707015,456.1289340170423,458.3338928222656,28184300
2026-01-15,463.0630900555096,463.1927988881192,454.8618076165624,455.6200866699219,23225800
2026-01-16,456.78739866953146,462.13520850615447,455.4404972994736,458.8127746582031,34246700
2026-01-20,450.1924514863621,455.7597309230742,448.2568669541529,453.48492431640625,26130000
2026-01-21,451.56931960591265,451.65911099901973,437.68100562513575,443.0986328125,37980500
2026-01-22,446.600636936346,451.8087507279656,443.6873036586902,450.1126403808594,25349400
2026-01-23,450.8409629929935,470.0271819611143,449.50401819491054,464.888916015625,38000200
2026-01-26,464.25036221183507,473.1700058760031,460.94790240319116,469.20904541015625,29291200
2026-01-27,472.62128861771004,481.7703893732875,472.0825097961169,479.485595703125,29213900
2026-01-28,482.10959164059926,482.63838346935967,476.9114647448887,480.533203125,36875400
2026-01-29,438.98802836564175,441.49232224197124,420.06122635013605,432.5128173828125,128855300
2026-01-30,438.1699022937122,438.5989157576861,425.47886802078926,429.31011962890625,58566800
2026-02-02,429.2602343395754,429.7590957240154,421.28843915961005,422.4058837890625,42219900
2026-02-03,421.0489834358989,421.0888704228976,407.6296003977664,410.2735595703125,61424100
2026-02-04,410.0640575889883,418.84400576689177,408.3080557741746,413.2467956542969,45012400
2026-02-05,406.51216038211834,407.37018733348754,391.4265972483441,392.7735290527344,66289200
2026-02-06,398.2609865133262,400.87501513504304,392.0252195920243,400.22650146484375,53515300
2026-02-09,403.9280678877113,413.94521298339265,399.9571203178888,412.65814208984375,45480500
2026-02-10,418.66440278178237,422.7151545880433,411.76017861216997,412.328857421875,44857900
2026-02-11,415.2322299614449,415.51159110220135,400.096793508188,403.4491271972656,42491000
2026-02-12,404.07770370563327,405.2749831551046,397.1036315998776,400.9248962402344,40802400
2026-02-13,403.528974460687,404.61648859375555,397.1435245648219,400.4060974121094,34091600
2026-02-17,398.31087932693146,399.60790672873594,393.6315571718042,395.95623779296875,32078800
2026-02-18,397.2233488345012,401.6432531481791,395.41747315874426,398.69000244140625,23223400
2026-02-19,400.69000244140625,404.42999267578125,396.6700134277344,398.4599914550781,28234000
2026-02-20,396.1099853515625,400.1199951171875,395.1600036621094,397.2300109863281,34015200
2026-02-23,395.0,395.3599853515625,383.1000061035156,384.4700012207031,43238300
2026-02-24,384.1400146484375,389.3599853515625,381.7099914550781,389.0,33884700
2026-02-25,390.5299987792969,401.4700012207031,390.1600036621094,400.6000061035156,43625500
2026-02-26,404.7099914550781,407.489990234375,398.739990234375,401.7200012207031,34405900
2026-02-27,390.8800048828125,396.82000732421875,389.8800048828125,392.739990234375,51367200
2026-03-02,392.8599853515625,401.19000244140625,390.6300048828125,398.54998779296875,35474900
2026-03-03,393.1400146484375,406.70001220703125,392.6700134277344,403.92999267578125,38199200
2026-03-04,401.2699890136719,411.0299987792969,400.30999755859375,405.20001220703125,35808000
2026-03-05,404.4200134277344,411.6099853515625,404.3999938964844,410.67999267578125,39001300
2026-03-06,409.20001220703125,413.04998779296875,408.510009765625,408.9599914550781,31123900
2026-03-09,404.9200134277344,410.2099914550781,403.5,409.4100036621094,30131900
2026-03-10,410.0299987792969,410.20001220703125,402.92999267578125,405.760009765625,31706400
2026-03-11,405.57000732421875,409.010009765625,401.5899963378906,404.8800048828125,25512100
2026-03-12,404.6300048828125,406.1199951171875,401.7099914550781,401.8599853515625,27263900
2026-03-13,401.0,404.79998779296875,394.25,395.54998779296875,26848000
2026-03-16,398.07000732421875,400.6300048828125,394.7900085449219,399.95001220703125,27733700
2026-03-17,400.2699890136719,404.3999938964844,397.75,399.4100036621094,26228300
2026-03-18,397.1300048828125,398.0,391.0,391.7900085449219,25908500
2026-03-19,390.1000061035156,392.489990234375,387.05999755859375,389.0199890136719,25138800
2026-03-20,386.7900085449219,387.0,380.1199951171875,381.8699951171875,50853200
2026-03-23,383.8999938964844,387.2099914550781,381.67999267578125,383.0,29680100
2026-03-24,382.3599853515625,382.4700012207031,371.8500061035156,372.739990234375,42733600
2026-03-25,376.9200134277344,377.05999755859375,369.6300048828125,371.0400085449219,31181200
2026-03-26,370.82000732421875,374.7200012207031,365.19000244140625,365.9700012207031,36836600
2026-03-27,361.8999938964844,362.45001220703125,356.510009765625,356.7699890136719,37883400
2026-03-30,361.8999938964844,365.3599853515625,356.2799987792969,358.9599914550781,44797000
2026-03-31,364.54998779296875,372.8999938964844,363.07000732421875,370.1700134277344,45244400
2026-04-01,373.489990234375,373.989990234375,368.20001220703125,369.3699951171875,29417200
2026-04-02,367.2099914550781,373.6400146484375,364.1499938964844,373.4599914550781,24099100
2026-04-06,373.489990234375,373.7300109863281,369.5,372.8800048828125,16146600
2026-04-07,370.3399963378906,372.45001220703125,366.55999755859375,372.2900085449219,21443300
2026-04-08,384.9800109863281,385.0,371.4100036621094,374.3299865722656,33064800
2026-04-09,372.5,373.5,367.04998779296875,373.07000732421875,30435300
2026-04-10,372.9800109863281,375.6400146484375,370.0299987792969,370.8699951171875,28111100
2026-04-13,373.6099853515625,384.5400085449219,371.0199890136719,384.3699951171875,35745800
2026-04-14,387.9200134277344,394.69000244140625,386.5199890136719,393.1099853515625,37504500
2026-04-15,398.0,414.3699951171875,396.7300109863281,411.2200012207031,45063400
2026-04-16,419.8599853515625,420.82000732421875,412.1400146484375,420.260009765625,41642400
2026-04-17,424.82000732421875,431.5799865722656,420.69000244140625,422.7900085449219,47812100
